Year [note 3],Sex,ICD-10 code,Individual cause of death description,<1,01-04,05-09,10-14,15-19,20-24,25-29,30-34,35-39,40-44,45-49,50-54,55-59,60-64,65-69,70-74,75-79,80-84,85-89,90+,All ages
2021,Persons,E24.4,Alcohol-induced pseudo-Cushing's syndrome,0,0,0,0,0,0,0,0,0,0,0,0,0,0,0,0,0,0,0,0,0
2021,Persons,F10,Mental and behavioural disorders due to the use of alcohol,0,0,0,0,0,2,8,23,46,89,130,167,170,148,147,98,71,41,20,7,1167
2021,Persons,G31.2,Degeneration of nervous system due to alcohol,0,0,0,0,0,0,0,0,0,0,0,0,0,3,3,3,1,1,0,0,11
2021,Persons,G62.1,Alcoholic polyneuropathy,0,0,0,0,0,0,0,0,0,0,0,0,1,0,0,0,0,0,0,0,1
2021,Persons,G72.1,Alcoholic myopathy,0,0,0,0,0,0,0,0,0,0,0,0,1,0,1,0,0,0,0,0,2
2021,Persons,I42.6,Alcoholic cardiomyopathy,0,0,0,0,0,0,1,3,4,10,21,26,25,27,11,11,4,5,1,0,149
2021,Persons,K29.2,Alcoholic gastritis,0,0,0,0,0,0,0,1,0,1,6,4,4,5,3,5,3,0,0,0,32
2021,Persons,K70,Alcoholic liver disease,0,0,0,0,0,6,39,131,313,559,880,1235,1326,1074,891,575,324,123,36,6,7518
2021,Persons,K85.2,Alcohol-induced acute pancreatitis,0,0,0,0,0,0,1,6,10,9,20,29,22,15,13,6,10,5,1,0,147
2021,Persons,K86.0,Alcohol-induced chronic pancreatitis,0,0,0,0,0,0,0,0,2,1,2,6,13,8,7,4,0,1,0,0,44
2021,Persons,Q86.0,Fetal alcohol syndrome (dysmorphic),1,0,0,0,0,0,0,0,0,0,0,0,0,0,0,0,0,0,0,0,1
2021,Persons,R78.0,Excess alcohol blood levels,0,0,0,0,0,0,0,0,0,0,0,0,0,0,0,0,0,0,0,0,0
2021,Persons,X45,Accidental poisoning by and exposure to alcohol,0,0,0,0,3,6,10,38,64,78,71,93,72,51,30,28,10,2,1,1,558
2021,Persons,X65,Intentional self-poisoning by and exposure to alcohol,0,0,0,0,0,0,0,1,1,1,1,0,0,1,1,0,0,0,1,0,7
2021,Persons,Y15,"Poisoning by and exposure to alcohol, undetermined intent",0,0,0,0,0,0,1,0,0,0,0,3,0,0,0,0,0,0,0,0,4
2021,Males,E24.4,Alcohol-induced pseudo-Cushing's syndrome,0,0,0,0,0,0,0,0,0,0,0,0,0,0,0,0,0,0,0,0,0
2021,Males,F10,Mental and behavioural disorders due to the use of alcohol,0,0,0,0,0,2,6,19,29,72,86,116,122,100,115,68,48,29,13,5,830
2021,Males,G31.2,Degeneration of nervous system due to alcohol,0,0,0,0,0,0,0,0,0,0,0,0,0,1,1,3,1,1,0,0,7
2021,Males,G62.1,Alcoholic polyneuropathy,0,0,0,0,0,0,0,0,0,0,0,0,1,0,0,0,0,0,0,0,1
2021,Males,G72.1,Alcoholic myopathy,0,0,0,0,0,0,0,0,0,0,0,0,1,0,1,0,0,0,0,0,2
2021,Males,I42.6,Alcoholic cardiomyopathy,0,0,0,0,0,0,1,3,4,8,20,24,21,22,11,7,2,4,1,0,128
2021,Males,K29.2,Alcoholic gastritis,0,0,0,0,0,0,0,0,0,0,6,2,3,2,3,3,2,0,0,0,21
2021,Males,K70,Alcoholic liver disease,0,0,0,0,0,5,22,79,188,364,532,799,832,709,578,374,216,91,23,4,4816
2021,Males,K85.2,Alcohol-induced acute pancreatitis,0,0,0,0,0,0,1,6,9,7,13,25,12,11,11,5,8,3,1,0,112
2021,Males,K86.0,Alcohol-induced chronic pancreatitis,0,0,0,0,0,0,0,0,2,1,1,4,12,6,5,3,0,1,0,0,35
2021,Males,Q86.0,Fetal alcohol syndrome (dysmorphic),0,0,0,0,0,0,0,0,0,0,0,0,0,0,0,0,0,0,0,0,0
2021,Males,R78.0,Excess alcohol blood levels,0,0,0,0,0,0,0,0,0,0,0,0,0,0,0,0,0,0,0,0,0
2021,Males,X45,Accidental poisoning by and exposure to alcohol,0,0,0,0,3,6,8,28,46,64,51,61,45,30,25,14,6,0,1,1,389
2021,Males,X65,Intentional self-poisoning by and exposure to alcohol,0,0,0,0,0,0,0,1,1,1,0,0,0,0,0,0,0,0,1,0,4
2021,Males,Y15,"Poisoning by and exposure to alcohol, undetermined intent",0,0,0,0,0,0,0,0,0,0,0,3,0,0,0,0,0,0,0,0,3
2021,Females,E24.4,Alcohol-induced pseudo-Cushing's syndrome,0,0,0,0,0,0,0,0,0,0,0,0,0,0,0,0,0,0,0,0,0
2021,Females,F10,Mental and behavioural disorders due to the use of alcohol,0,0,0,0,0,0,2,4,17,17,44,51,48,48,32,30,23,12,7,2,337
2021,Females,G31.2,Degeneration of nervous system due to alcohol,0,0,0,0,0,0,0,0,0,0,0,0,0,2,2,0,0,0,0,0,4
2021,Females,G62.1,Alcoholic polyneuropathy,0,0,0,0,0,0,0,0,0,0,0,0,0,0,0,0,0,0,0,0,0
2021,Females,G72.1,Alcoholic myopathy,0,0,0,0,0,0,0,0,0,0,0,0,0,0,0,0,0,0,0,0,0
2021,Females,I42.6,Alcoholic cardiomyopathy,0,0,0,0,0,0,0,0,0,2,1,2,4,5,0,4,2,1,0,0,21
2021,Females,K29.2,Alcoholic gastritis,0,0,0,0,0,0,0,1,0,1,0,2,1,3,0,2,1,0,0,0,11
2021,Females,K70,Alcoholic liver disease,0,0,0,0,0,1,17,52,125,195,348,436,494,365,313,201,108,32,13,2,2702
2021,Females,K85.2,Alcohol-induced acute pancreatitis,0,0,0,0,0,0,0,0,1,2,7,4,10,4,2,1,2,2,0,0,35
2021,Females,K86.0,Alcohol-induced chronic pancreatitis,0,0,0,0,0,0,0,0,0,0,1,2,1,2,2,1,0,0,0,0,9
2021,Females,Q86.0,Fetal alcohol syndrome (dysmorphic),1,0,0,0,0,0,0,0,0,0,0,0,0,0,0,0,0,0,0,0,1
2021,Females,R78.0,Excess alcohol blood levels,0,0,0,0,0,0,0,0,0,0,0,0,0,0,0,0,0,0,0,0,0
2021,Females,X45,Accidental poisoning by and exposure to alcohol,0,0,0,0,0,0,2,10,18,14,20,32,27,21,5,14,4,2,0,0,169
2021,Females,X65,Intentional self-poisoning by and exposure to alcohol,0,0,0,0,0,0,0,0,0,0,1,0,0,1,1,0,0,0,0,0,3
2021,Females,Y15,"Poisoning by and exposure to alcohol, undetermined intent",0,0,0,0,0,0,1,0,0,0,0,0,0,0,0,0,0,0,0,0,1
2020,Persons,E24.4,Alcohol-induced pseudo-Cushing's syndrome,0,0,0,0,0,0,0,0,0,0,0,0,0,0,0,0,0,0,0,0,0
2020,Persons,F10,Mental and behavioural disorders due to the use of alcohol,0,0,0,0,0,0,3,24,46,68,115,153,149,135,145,101,70,43,17,14,1083
2020,Persons,G31.2,Degeneration of nervous system due to alcohol,0,0,0,0,0,0,0,0,0,1,0,2,4,2,3,3,1,0,0,1,17
2020,Persons,G62.1,Alcoholic polyneuropathy,0,0,0,0,0,0,0,0,0,0,0,0,0,0,0,1,0,0,0,0,1
2020,Persons,G72.1,Alcoholic myopathy,0,0,0,0,0,0,0,0,0,0,0,0,0,0,0,0,0,0,0,0,0
2020,Persons,I42.6,Alcoholic cardiomyopathy,0,0,0,0,0,0,0,5,9,15,14,20,25,24,20,18,6,1,1,0,158
2020,Persons,K29.2,Alcoholic gastritis,0,0,0,0,0,0,0,0,2,2,1,5,3,4,2,1,0,0,0,0,20
2020,Persons,K70,Alcoholic liver disease,0,0,0,0,0,4,31,118,316,514,829,1089,1227,1049,848,542,289,96,28,5,6985
2020,Persons,K85.2,Alcohol-induced acute pancreatitis,0,0,0,0,0,1,1,3,10,11,23,22,27,13,7,6,4,1,0,0,129
2020,Persons,K86.0,Alcohol-induced chronic pancreatitis,0,0,0,0,0,0,0,0,1,5,6,6,6,2,0,3,0,0,0,0,29
2020,Persons,Q86.0,Fetal alcohol syndrome (dysmorphic),0,0,0,0,0,0,0,0,0,0,0,0,0,0,0,0,0,0,0,0,0
2020,Persons,R78.0,Excess alcohol blood levels,0,0,0,0,0,0,0,0,0,0,0,0,0,0,0,0,0,0,0,0,0
2020,Persons,"X45, X65, Y15",External causes,0,0,0,0,3,4,11,36,47,73,86,89,83,52,37,18,10,1,2,0,552
2020,Males,E24.4,Alcohol-induced pseudo-Cushing's syndrome,0,0,0,0,0,0,0,0,0,0,0,0,0,0,0,0,0,0,0,0,0
2020,Males,F10,Mental and behavioural disorders due to the use of alcohol,0,0,0,0,0,0,1,17,31,58,80,111,101,98,106,73,48,35,13,8,780
2020,Males,G31.2,Degeneration of nervous system due to alcohol,0,0,0,0,0,0,0,0,0,0,0,1,3,2,2,3,1,0,0,1,13
2020,Males,G62.1,Alcoholic polyneuropathy,0,0,0,0,0,0,0,0,0,0,0,0,0,0,0,1,0,0,0,0,1
2020,Males,G72.1,Alcoholic myopathy,0,0,0,0,0,0,0,0,0,0,0,0,0,0,0,0,0,0,0,0,0
2020,Males,I42.6,Alcoholic cardiomyopathy,0,0,0,0,0,0,0,5,9,12,12,17,21,19,16,15,5,1,1,0,133
2020,Males,K29.2,Alcoholic gastritis,0,0,0,0,0,0,0,0,2,2,1,3,2,3,2,1,0,0,0,0,16
2020,Males,K70,Alcoholic liver disease,0,0,0,0,0,0,14,66,188,319,489,729,787,701,559,370,196,64,23,3,4508
2020,Males,K85.2,Alcohol-induced acute pancreatitis,0,0,0,0,0,1,1,2,10,7,19,14,24,9,7,4,2,0,0,0,100
2020,Males,K86.0,Alcohol-induced chronic pancreatitis,0,0,0,0,0,0,0,0,1,2,4,5,5,1,0,2,0,0,0,0,20
2020,Males,Q86.0,Fetal alcohol syndrome (dysmorphic),0,0,0,0,0,0,0,0,0,0,0,0,0,0,0,0,0,0,0,0,0
2020,Males,R78.0,Excess alcohol blood levels,0,0,0,0,0,0,0,0,0,0,0,0,0,0,0,0,0,0,0,0,0
2020,Males,"X45, X65, Y15",External causes,0,0,0,0,1,3,7,25,31,57,66,66,47,38,25,10,7,1,2,0,386
2020,Females,E24.4,Alcohol-induced pseudo-Cushing's syndrome,0,0,0,0,0,0,0,0,0,0,0,0,0,0,0,0,0,0,0,0,0
2020,Females,F10,Mental and behavioural disorders due to the use of alcohol,0,0,0,0,0,0,2,7,15,10,35,42,48,37,39,28,22,8,4,6,303
2020,Females,G31.2,Degeneration of nervous system due to alcohol,0,0,0,0,0,0,0,0,0,1,0,1,1,0,1,0,0,0,0,0,4
2020,Females,G62.1,Alcoholic polyneuropathy,0,0,0,0,0,0,0,0,0,0,0,0,0,0,0,0,0,0,0,0,0
2020,Females,G72.1,Alcoholic myopathy,0,0,0,0,0,0,0,0,0,0,0,0,0,0,0,0,0,0,0,0,0
2020,Females,I42.6,Alcoholic cardiomyopathy,0,0,0,0,0,0,0,0,0,3,2,3,4,5,4,3,1,0,0,0,25
2020,Females,K29.2,Alcoholic gastritis,0,0,0,0,0,0,0,0,0,0,0,2,1,1,0,0,0,0,0,0,4
2020,Females,K70,Alcoholic liver disease,0,0,0,0,0,4,17,52,128,195,340,360,440,348,289,172,93,32,5,2,2477
2020,Females,K85.2,Alcohol-induced acute pancreatitis,0,0,0,0,0,0,0,1,0,4,4,8,3,4,0,2,2,1,0,0,29
2020,Females,K86.0,Alcohol-induced chronic pancreatitis,0,0,0,0,0,0,0,0,0,3,2,1,1,1,0,1,0,0,0,0,9
2020,Females,Q86.0,Fetal alcohol syndrome (dysmorphic),0,0,0,0,0,0,0,0,0,0,0,0,0,0,0,0,0,0,0,0,0
2020,Females,R78.0,Excess alcohol blood levels,0,0,0,0,0,0,0,0,0,0,0,0,0,0,0,0,0,0,0,0,0
2020,Females,"X45, X65, Y15",External causes,0,0,0,0,2,1,4,11,16,16,20,23,36,14,12,8,3,0,0,0,166
2019,Persons,E24.4,Alcohol-induced pseudo-Cushing's syndrome,0,0,0,0,0,0,0,0,0,0,0,0,0,0,0,0,0,0,0,0,0
2019,Persons,F10,Mental and behavioural disorders due to the use of alcohol,0,0,0,0,0,0,13,24,47,59,106,115,149,126,98,90,65,42,20,5,959
2019,Persons,G31.2,Degeneration of nervous system due to alcohol,0,0,0,0,0,0,0,0,0,2,0,1,1,2,3,2,0,1,0,0,12
2019,Persons,G62.1,Alcoholic polyneuropathy,0,0,0,0,0,0,0,0,0,0,0,0,0,0,0,0,0,0,0,0,0
2019,Persons,G72.1,Alcoholic myopathy,0,0,0,0,0,0,0,0,0,0,0,0,0,0,0,0,0,0,0,0,0
2019,Persons,I42.6,Alcoholic cardiomyopathy,0,0,0,0,0,0,1,4,3,11,11,20,28,23,13,3,2,3,0,1,123
2019,Persons,K29.2,Alcoholic gastritis,0,0,0,0,0,0,0,0,0,0,1,1,3,0,1,2,1,0,0,0,9
2019,Persons,K70,Alcoholic liver disease,0,0,0,0,0,2,15,86,224,392,711,951,1052,894,691,492,217,86,20,7,5840
2019,Persons,K85.2,Alcohol-induced acute pancreatitis,0,0,0,0,0,0,4,8,7,15,13,17,14,16,11,4,2,2,1,0,114
2019,Persons,K86.0,Alcohol-induced chronic pancreatitis,0,0,0,0,0,0,0,0,1,0,1,2,1,2,4,4,0,0,0,0,15
2019,Persons,Q86.0,Fetal alcohol syndrome (dysmorphic),0,0,0,0,0,0,0,0,0,0,1,0,0,0,0,0,0,0,0,0,1
2019,Persons,R78.0,Excess alcohol blood levels,0,0,0,0,0,0,0,0,0,0,0,0,0,0,0,0,0,0,0,0,0
2019,Persons,X45,Accidental poisoning by and exposure to alcohol,0,0,0,0,0,3,17,23,40,64,85,84,74,51,20,10,7,2,1,0,481
2019,Persons,X65,Intentional self-poisoning by and exposure to alcohol,0,0,0,0,0,0,0,0,1,0,0,0,0,0,1,0,0,0,0,0,2
2019,Persons,Y15,"Poisoning by and exposure to alcohol, undetermined intent",0,0,0,0,0,1,0,0,0,2,2,0,3,1,0,0,0,0,0,0,9
2019,Males,E24.4,Alcohol-induced pseudo-Cushing's syndrome,0,0,0,0,0,0,0,0,0,0,0,0,0,0,0,0,0,0,0,0,0
2019,Males,F10,Mental and behavioural disorders due to the use of alcohol,0,0,0,0,0,0,5,17,32,41,70,84,101,106,76,65,46,32,11,3,689
2019,Males,G31.2,Degeneration of nervous system due to alcohol,0,0,0,0,0,0,0,0,0,1,0,1,1,1,3,2,0,0,0,0,9
2019,Males,G62.1,Alcoholic polyneuropathy,0,0,0,0,0,0,0,0,0,0,0,0,0,0,0,0,0,0,0,0,0
2019,Males,G72.1,Alcoholic myopathy,0,0,0,0,0,0,0,0,0,0,0,0,0,0,0,0,0,0,0,0,0
2019,Males,I42.6,Alcoholic cardiomyopathy,0,0,0,0,0,0,1,3,3,10,10,15,26,21,12,3,1,1,0,1,107
2019,Males,K29.2,Alcoholic gastritis,0,0,0,0,0,0,0,0,0,0,1,1,2,0,0,2,0,0,0,0,6
2019,Males,K70,Alcoholic liver disease,0,0,0,0,0,0,8,49,127,231,446,595,678,573,487,332,161,63,16,4,3770
2019,Males,K85.2,Alcohol-induced acute pancreatitis,0,0,0,0,0,0,4,7,5,14,12,11,8,13,7,3,1,1,0,0,86
2019,Males,K86.0,Alcohol-induced chronic pancreatitis,0,0,0,0,0,0,0,0,1,0,1,2,1,2,2,4,0,0,0,0,13
2019,Males,Q86.0,Fetal alcohol syndrome (dysmorphic),0,0,0,0,0,0,0,0,0,0,1,0,0,0,0,0,0,0,0,0,1
2019,Males,R78.0,Excess alcohol blood levels,0,0,0,0,0,0,0,0,0,0,0,0,0,0,0,0,0,0,0,0,0
2019,Males,X45,Accidental poisoning by and exposure to alcohol,0,0,0,0,0,2,11,19,30,50,59,57,46,33,14,4,4,0,1,0,330
2019,Males,X65,Intentional self-poisoning by and exposure to alcohol,0,0,0,0,0,0,0,0,1,0,0,0,0,0,0,0,0,0,0,0,1
2019,Males,Y15,"Poisoning by and exposure to alcohol, undetermined intent",0,0,0,0,0,1,0,0,0,2,1,0,3,0,0,0,0,0,0,0,7
2019,Females,E24.4,Alcohol-induced pseudo-Cushing's syndrome,0,0,0,0,0,0,0,0,0,0,0,0,0,0,0,0,0,0,0,0,0
2019,Females,F10,Mental and behavioural disorders due to the use of alcohol,0,0,0,0,0,0,8,7,15,18,36,31,48,20,22,25,19,10,9,2,270
2019,Females,G31.2,Degeneration of nervous system due to alcohol,0,0,0,0,0,0,0,0,0,1,0,0,0,1,0,0,0,1,0,0,3
2019,Females,G62.1,Alcoholic polyneuropathy,0,0,0,0,0,0,0,0,0,0,0,0,0,0,0,0,0,0,0,0,0
2019,Females,G72.1,Alcoholic myopathy,0,0,0,0,0,0,0,0,0,0,0,0,0,0,0,0,0,0,0,0,0
2019,Females,I42.6,Alcoholic cardiomyopathy,0,0,0,0,0,0,0,1,0,1,1,5,2,2,1,0,1,2,0,0,16
2019,Females,K29.2,Alcoholic gastritis,0,0,0,0,0,0,0,0,0,0,0,0,1,0,1,0,1,0,0,0,3
2019,Females,K70,Alcoholic liver disease,0,0,0,0,0,2,7,37,97,161,265,356,374,321,204,160,56,23,4,3,2070
2019,Females,K85.2,Alcohol-induced acute pancreatitis,0,0,0,0,0,0,0,1,2,1,1,6,6,3,4,1,1,1,1,0,28
2019,Females,K86.0,Alcohol-induced chronic pancreatitis,0,0,0,0,0,0,0,0,0,0,0,0,0,0,2,0,0,0,0,0,2
2019,Females,Q86.0,Fetal alcohol syndrome (dysmorphic),0,0,0,0,0,0,0,0,0,0,0,0,0,0,0,0,0,0,0,0,0
2019,Females,R78.0,Excess alcohol blood levels,0,0,0,0,0,0,0,0,0,0,0,0,0,0,0,0,0,0,0,0,0
2019,Females,X45,Accidental poisoning by and exposure to alcohol,0,0,0,0,0,1,6,4,10,14,26,27,28,18,6,6,3,2,0,0,151
2019,Females,X65,Intentional self-poisoning by and exposure to alcohol,0,0,0,0,0,0,0,0,0,0,0,0,0,0,1,0,0,0,0,0,1
2019,Females,Y15,"Poisoning by and exposure to alcohol, undetermined intent",0,0,0,0,0,0,0,0,0,0,1,0,0,1,0,0,0,0,0,0,2
2018,Persons,E24.4,Alcohol-induced pseudo-Cushing's syndrome,0,0,0,0,0,0,0,0,0,0,0,0,0,0,0,0,0,0,0,0,0
2018,Persons,F10,Mental and behavioural disorders due to the use of alcohol,0,0,0,0,1,0,6,20,42,62,97,161,157,131,130,95,59,28,16,6,1011
2018,Persons,G31.2,Degeneration of nervous system due to alcohol,0,0,0,0,0,0,0,0,1,0,1,0,2,2,3,2,2,0,0,0,13
2018,Persons,G62.1,Alcoholic polyneuropathy,0,0,0,0,0,0,0,0,0,0,0,0,0,0,0,0,0,0,0,0,0
2018,Persons,G72.1,Alcoholic myopathy,0,0,0,0,0,0,0,0,0,0,0,0,0,0,0,0,0,0,0,0,0
2018,Persons,I42.6,Alcoholic cardiomyopathy,0,0,0,0,0,0,0,4,4,15,13,18,16,13,18,13,3,2,1,0,120
2018,Persons,K29.2,Alcoholic gastritis,0,0,0,0,0,0,0,0,2,1,2,4,3,5,5,0,0,0,0,0,22
2018,Persons,K70,Alcoholic liver disease,0,0,0,0,0,2,37,112,236,406,690,895,969,834,689,503,221,96,25,8,5723
2018,Persons,K85.2,Alcohol-induced acute pancreatitis,0,0,0,0,0,0,2,2,10,15,12,15,12,12,20,4,3,1,1,0,109
2018,Persons,K86.0,Alcohol-induced chronic pancreatitis,0,0,0,0,0,0,0,0,1,0,4,4,3,1,6,3,0,0,0,0,22
2018,Persons,Q86.0,Fetal alcohol syndrome (dysmorphic),0,0,0,0,1,0,0,0,0,0,0,0,0,0,0,0,0,0,0,0,1
2018,Persons,R78.0,Excess alcohol blood levels,0,0,0,0,0,0,0,0,0,0,0,0,0,0,0,0,0,0,0,0,0
2018,Persons,X45,Accidental poisoning by and exposure to alcohol,0,0,0,0,2,15,14,27,44,71,88,82,72,44,32,15,5,3,1,0,515
2018,Persons,X65,Intentional self-poisoning by and exposure to alcohol,0,0,0,0,0,0,0,0,1,0,1,1,0,0,1,0,1,0,0,0,5
2018,Persons,Y15,"Poisoning by and exposure to alcohol, undetermined intent",0,0,0,0,0,0,0,2,1,0,2,1,1,2,1,0,0,0,0,0,10
2018,Males,E24.4,Alcohol-induced pseudo-Cushing's syndrome,0,0,0,0,0,0,0,0,0,0,0,0,0,0,0,0,0,0,0,0,0
2018,Males,F10,Mental and behavioural disorders due to the use of alcohol,0,0,0,0,1,0,3,11,28,48,57,111,115,89,91,76,42,20,8,3,703
2018,Males,G31.2,Degeneration of nervous system due to alcohol,0,0,0,0,0,0,0,0,0,0,1,0,2,1,3,2,1,0,0,0,10
2018,Males,G62.1,Alcoholic polyneuropathy,0,0,0,0,0,0,0,0,0,0,0,0,0,0,0,0,0,0,0,0,0
2018,Males,G72.1,Alcoholic myopathy,0,0,0,0,0,0,0,0,0,0,0,0,0,0,0,0,0,0,0,0,0
2018,Males,I42.6,Alcoholic cardiomyopathy,0,0,0,0,0,0,0,2,4,15,10,12,13,11,15,11,2,1,1,0,97
2018,Males,K29.2,Alcoholic gastritis,0,0,0,0,0,0,0,0,1,1,1,4,3,4,2,0,0,0,0,0,16
2018,Males,K70,Alcoholic liver disease,0,0,0,0,0,2,20,60,148,260,438,605,653,521,476,365,146,73,12,7,3786
2018,Males,K85.2,Alcohol-induced acute pancreatitis,0,0,0,0,0,0,1,2,7,12,9,11,8,5,12,4,3,1,1,0,76
2018,Males,K86.0,Alcohol-induced chronic pancreatitis,0,0,0,0,0,0,0,0,1,0,4,2,1,0,4,3,0,0,0,0,15
2018,Males,Q86.0,Fetal alcohol syndrome (dysmorphic),0,0,0,0,1,0,0,0,0,0,0,0,0,0,0,0,0,0,0,0,1
2018,Males,R78.0,Excess alcohol blood levels,0,0,0,0,0,0,0,0,0,0,0,0,0,0,0,0,0,0,0,0,0
2018,Males,X45,Accidental poisoning by and exposure to alcohol,0,0,0,0,2,11,11,21,38,50,65,53,46,29,23,10,3,1,0,0,363
2018,Males,X65,Intentional self-poisoning by and exposure to alcohol,0,0,0,0,0,0,0,0,1,0,1,1,0,0,0,0,0,0,0,0,3
2018,Males,Y15,"Poisoning by and exposure to alcohol, undetermined intent",0,0,0,0,0,0,0,1,1,0,1,1,1,1,1,0,0,0,0,0,7
2018,Females,E24.4,Alcohol-induced pseudo-Cushing's syndrome,0,0,0,0,0,0,0,0,0,0,0,0,0,0,0,0,0,0,0,0,0
2018,Females,F10,Mental and behavioural disorders due to the use of alcohol,0,0,0,0,0,0,3,9,14,14,40,50,42,42,39,19,17,8,8,3,308
2018,Females,G31.2,Degeneration of nervous system due to alcohol,0,0,0,0,0,0,0,0,1,0,0,0,0,1,0,0,1,0,0,0,3
2018,Females,G62.1,Alcoholic polyneuropathy,0,0,0,0,0,0,0,0,0,0,0,0,0,0,0,0,0,0,0,0,0
2018,Females,G72.1,Alcoholic myopathy,0,0,0,0,0,0,0,0,0,0,0,0,0,0,0,0,0,0,0,0,0
2018,Females,I42.6,Alcoholic cardiomyopathy,0,0,0,0,0,0,0,2,0,0,3,6,3,2,3,2,1,1,0,0,23
2018,Females,K29.2,Alcoholic gastritis,0,0,0,0,0,0,0,0,1,0,1,0,0,1,3,0,0,0,0,0,6
2018,Females,K70,Alcoholic liver disease,0,0,0,0,0,0,17,52,88,146,252,290,316,313,213,138,75,23,13,1,1937
2018,Females,K85.2,Alcohol-induced acute pancreatitis,0,0,0,0,0,0,1,0,3,3,3,4,4,7,8,0,0,0,0,0,33
2018,Females,K86.0,Alcohol-induced chronic pancreatitis,0,0,0,0,0,0,0,0,0,0,0,2,2,1,2,0,0,0,0,0,7
2018,Females,Q86.0,Fetal alcohol syndrome (dysmorphic),0,0,0,0,0,0,0,0,0,0,0,0,0,0,0,0,0,0,0,0,0
2018,Females,R78.0,Excess alcohol blood levels,0,0,0,0,0,0,0,0,0,0,0,0,0,0,0,0,0,0,0,0,0
2018,Females,X45,Accidental poisoning by and exposure to alcohol,0,0,0,0,0,4,3,6,6,21,23,29,26,15,9,5,2,2,1,0,152
2018,Females,X65,Intentional self-poisoning by and exposure to alcohol,0,0,0,0,0,0,0,0,0,0,0,0,0,0,1,0,1,0,0,0,2
2018,Females,Y15,"Poisoning by and exposure to alcohol, undetermined intent",0,0,0,0,0,0,0,1,0,0,1,0,0,1,0,0,0,0,0,0,3
2017,Persons,E24.4,Alcohol-induced pseudo-Cushing's syndrome,0,0,0,0,0,0,0,0,0,0,0,0,0,0,0,0,0,0,0,0,0
2017,Persons,F10,Mental and behavioural disorders due to the use of alcohol,0,0,0,0,0,1,8,20,31,63,111,119,123,116,127,92,68,29,13,6,927
2017,Persons,G31.2,Degeneration of nervous system due to alcohol,0,0,0,0,0,0,0,0,0,1,0,2,2,3,1,2,1,0,0,0,12
2017,Persons,G62.1,Alcoholic polyneuropathy,0,0,0,0,0,0,0,0,0,0,0,0,0,0,0,0,0,0,0,0,0
2017,Persons,G72.1,Alcoholic myopathy,0,0,0,0,0,0,0,0,0,0,0,0,0,0,0,1,0,1,0,0,2
2017,Persons,I42.6,Alcoholic cardiomyopathy,0,0,0,0,0,0,0,1,3,7,13,20,28,23,20,12,8,2,0,0,137
2017,Persons,K29.2,Alcoholic gastritis,0,0,0,0,0,0,1,1,1,6,1,2,3,1,4,3,2,2,0,0,27
2017,Persons,K70,Alcoholic liver disease,0,0,0,0,0,4,38,129,250,454,770,927,990,874,747,443,237,88,26,4,5981
2017,Persons,K85.2,Alcohol-induced acute pancreatitis,0,0,0,0,0,0,0,3,7,10,20,15,15,9,9,5,2,3,1,0,99
2017,Persons,K86.0,Alcohol-induced chronic pancreatitis,0,0,0,0,0,0,0,1,1,0,2,5,4,2,3,1,0,0,1,0,20
2017,Persons,Q86.0,Fetal alcohol syndrome (dysmorphic),0,0,0,0,0,0,0,0,0,0,0,0,0,0,0,0,0,0,0,0,0
2017,Persons,R78.0,Excess alcohol blood levels,0,0,0,0,0,0,0,0,0,0,0,0,0,0,0,0,0,0,0,0,0
2017,Persons,X45,Accidental poisoning by and exposure to alcohol,0,0,0,0,1,4,19,29,44,58,89,80,60,40,31,16,6,4,0,0,481
2017,Persons,X65,Intentional self-poisoning by and exposure to alcohol,0,0,0,0,0,0,0,0,0,0,1,0,0,0,1,0,0,0,1,0,3
2017,Persons,Y15,"Poisoning by and exposure to alcohol, undetermined intent",0,0,0,0,0,0,0,1,0,1,0,2,1,1,0,2,0,0,0,0,8
2017,Males,E24.4,Alcohol-induced pseudo-Cushing's syndrome,0,0,0,0,0,0,0,0,0,0,0,0,0,0,0,0,0,0,0,0,0
2017,Males,F10,Mental and behavioural disorders due to the use of alcohol,0,0,0,0,0,1,8,9,14,47,80,81,80,85,95,65,55,22,9,0,651
2017,Males,G31.2,Degeneration of nervous system due to alcohol,0,0,0,0,0,0,0,0,0,1,0,2,2,3,1,2,1,0,0,0,12
2017,Males,G62.1,Alcoholic polyneuropathy,0,0,0,0,0,0,0,0,0,0,0,0,0,0,0,0,0,0,0,0,0
2017,Males,G72.1,Alcoholic myopathy,0,0,0,0,0,0,0,0,0,0,0,0,0,0,0,1,0,1,0,0,2
2017,Males,I42.6,Alcoholic cardiomyopathy,0,0,0,0,0,0,0,1,2,3,12,17,24,16,19,11,8,2,0,0,115
2017,Males,K29.2,Alcoholic gastritis,0,0,0,0,0,0,0,0,1,6,1,2,3,0,3,3,1,0,0,0,20
2017,Males,K70,Alcoholic liver disease,0,0,0,0,0,2,24,74,153,272,488,602,651,575,511,291,178,58,19,4,3902
2017,Males,K85.2,Alcohol-induced acute pancreatitis,0,0,0,0,0,0,0,3,7,7,13,12,9,8,7,4,1,2,1,0,74
2017,Males,K86.0,Alcohol-induced chronic pancreatitis,0,0,0,0,0,0,0,1,1,0,2,5,4,2,3,0,0,0,1,0,19
2017,Males,Q86.0,Fetal alcohol syndrome (dysmorphic),0,0,0,0,0,0,0,0,0,0,0,0,0,0,0,0,0,0,0,0,0
2017,Males,R78.0,Excess alcohol blood levels,0,0,0,0,0,0,0,0,0,0,0,0,0,0,0,0,0,0,0,0,0
2017,Males,X45,Accidental poisoning by and exposure to alcohol,0,0,0,0,1,3,15,24,32,45,63,51,37,26,20,9,4,2,0,0,332
2017,Males,X65,Intentional self-poisoning by and exposure to alcohol,0,0,0,0,0,0,0,0,0,0,1,0,0,0,0,0,0,0,0,0,1
2017,Males,Y15,"Poisoning by and exposure to alcohol, undetermined intent",0,0,0,0,0,0,0,0,0,1,0,1,1,1,0,1,0,0,0,0,5
2017,Females,E24.4,Alcohol-induced pseudo-Cushing's syndrome,0,0,0,0,0,0,0,0,0,0,0,0,0,0,0,0,0,0,0,0,0
2017,Females,F10,Mental and behavioural disorders due to the use of alcohol,0,0,0,0,0,0,0,11,17,16,31,38,43,31,32,27,13,7,4,6,276
2017,Females,G31.2,Degeneration of nervous system due to alcohol,0,0,0,0,0,0,0,0,0,0,0,0,0,0,0,0,0,0,0,0,0
2017,Females,G62.1,Alcoholic polyneuropathy,0,0,0,0,0,0,0,0,0,0,0,0,0,0,0,0,0,0,0,0,0
2017,Females,G72.1,Alcoholic myopathy,0,0,0,0,0,0,0,0,0,0,0,0,0,0,0,0,0,0,0,0,0
2017,Females,I42.6,Alcoholic cardiomyopathy,0,0,0,0,0,0,0,0,1,4,1,3,4,7,1,1,0,0,0,0,22
2017,Females,K29.2,Alcoholic gastritis,0,0,0,0,0,0,1,1,0,0,0,0,0,1,1,0,1,2,0,0,7
2017,Females,K70,Alcoholic liver disease,0,0,0,0,0,2,14,55,97,182,282,325,339,299,236,152,59,30,7,0,2079
2017,Females,K85.2,Alcohol-induced acute pancreatitis,0,0,0,0,0,0,0,0,0,3,7,3,6,1,2,1,1,1,0,0,25
2017,Females,K86.0,Alcohol-induced chronic pancreatitis,0,0,0,0,0,0,0,0,0,0,0,0,0,0,0,1,0,0,0,0,1
2017,Females,Q86.0,Fetal alcohol syndrome (dysmorphic),0,0,0,0,0,0,0,0,0,0,0,0,0,0,0,0,0,0,0,0,0
2017,Females,R78.0,Excess alcohol blood levels,0,0,0,0,0,0,0,0,0,0,0,0,0,0,0,0,0,0,0,0,0
2017,Females,X45,Accidental poisoning by and exposure to alcohol,0,0,0,0,0,1,4,5,12,13,26,29,23,14,11,7,2,2,0,0,149
2017,Females,X65,Intentional self-poisoning by and exposure to alcohol,0,0,0,0,0,0,0,0,0,0,0,0,0,0,1,0,0,0,1,0,2
2017,Females,Y15,"Poisoning by and exposure to alcohol, undetermined intent",0,0,0,0,0,0,0,1,0,0,0,1,0,0,0,1,0,0,0,0,3
2016,Persons,E24.4,Alcohol-induced pseudo-Cushing's syndrome,0,0,0,0,0,0,0,0,0,0,0,0,0,0,0,0,0,0,0,0,0
2016,Persons,F10,Mental and behavioural disorders due to the use of alcohol,0,0,0,0,0,1,6,18,30,55,107,118,131,115,120,70,46,34,14,4,869
2016,Persons,G31.2,Degeneration of nervous system due to alcohol,0,0,0,0,0,0,0,0,0,1,0,2,1,4,1,1,2,0,0,0,12
2016,Persons,G62.1,Alcoholic polyneuropathy,0,0,0,0,0,0,0,0,0,0,0,0,0,0,0,0,0,0,0,0,0
2016,Persons,G72.1,Alcoholic myopathy,0,0,0,0,0,0,0,0,0,0,0,0,1,0,0,0,0,0,0,0,1
2016,Persons,I42.6,Alcoholic cardiomyopathy,0,0,0,0,0,0,0,1,4,13,11,13,16,19,18,14,3,3,1,0,116
2016,Persons,K29.2,Alcoholic gastritis,0,0,0,0,0,0,0,0,0,1,2,1,4,4,2,1,0,0,0,0,15
2016,Persons,K70,Alcoholic liver disease,0,0,0,0,0,4,39,134,232,453,746,921,919,845,718,413,230,96,29,1,5780
2016,Persons,K85.2,Alcohol-induced acute pancreatitis,0,0,0,0,0,0,3,7,8,13,13,13,11,3,6,8,5,1,2,0,93
2016,Persons,K86.0,Alcohol-induced chronic pancreatitis,0,0,0,0,0,0,0,0,0,2,1,4,1,5,1,0,0,1,1,0,16
2016,Persons,Q86.0,Fetal alcohol syndrome (dysmorphic),1,0,0,0,0,0,0,0,0,0,0,0,0,0,0,0,0,0,0,0,1
2016,Persons,R78.0,Excess alcohol blood levels,0,0,0,0,0,0,0,0,0,0,0,0,0,0,0,0,0,0,0,0,0
2016,Persons,X45,Accidental poisoning by and exposure to alcohol,0,0,0,0,0,8,14,32,30,67,58,74,40,39,27,12,4,2,0,0,407
2016,Persons,X65,Intentional self-poisoning by and exposure to alcohol,0,0,0,0,0,0,1,0,0,0,0,2,0,1,0,0,0,0,0,0,4
2016,Persons,Y15,"Poisoning by and exposure to alcohol, undetermined intent",0,0,0,0,0,0,1,0,0,1,1,4,0,2,3,1,0,0,0,0,13
2016,Males,E24.4,Alcohol-induced pseudo-Cushing's syndrome,0,0,0,0,0,0,0,0,0,0,0,0,0,0,0,0,0,0,0,0,0
2016,Males,F10,Mental and behavioural disorders due to the use of alcohol,0,0,0,0,0,1,2,17,21,39,70,76,82,82,93,56,40,24,10,2,615
2016,Males,G31.2,Degeneration of nervous system due to alcohol,0,0,0,0,0,0,0,0,0,1,0,2,1,1,1,0,2,0,0,0,8
2016,Males,G62.1,Alcoholic polyneuropathy,0,0,0,0,0,0,0,0,0,0,0,0,0,0,0,0,0,0,0,0,0
2016,Males,G72.1,Alcoholic myopathy,0,0,0,0,0,0,0,0,0,0,0,0,0,0,0,0,0,0,0,0,0
2016,Males,I42.6,Alcoholic cardiomyopathy,0,0,0,0,0,0,0,1,3,12,10,10,12,17,17,11,2,3,1,0,99
2016,Males,K29.2,Alcoholic gastritis,0,0,0,0,0,0,0,0,0,1,1,1,3,3,2,1,0,0,0,0,12
2016,Males,K70,Alcoholic liver disease,0,0,0,0,0,3,24,77,150,271,485,593,597,563,507,301,153,69,17,1,3811
2016,Males,K85.2,Alcohol-induced acute pancreatitis,0,0,0,0,0,0,2,7,6,10,12,8,9,2,2,5,4,0,2,0,69
2016,Males,K86.0,Alcohol-induced chronic pancreatitis,0,0,0,0,0,0,0,0,0,0,1,3,0,3,0,0,0,1,0,0,8
2016,Males,Q86.0,Fetal alcohol syndrome (dysmorphic),1,0,0,0,0,0,0,0,0,0,0,0,0,0,0,0,0,0,0,0,1
2016,Males,R78.0,Excess alcohol blood levels,0,0,0,0,0,0,0,0,0,0,0,0,0,0,0,0,0,0,0,0,0
2016,Males,X45,Accidental poisoning by and exposure to alcohol,0,0,0,0,0,6,12,28,22,53,36,53,26,23,21,6,4,2,0,0,292
2016,Males,X65,Intentional self-poisoning by and exposure to alcohol,0,0,0,0,0,0,0,0,0,0,0,0,0,1,0,0,0,0,0,0,1
2016,Males,Y15,"Poisoning by and exposure to alcohol, undetermined intent",0,0,0,0,0,0,1,0,0,1,1,4,0,2,2,1,0,0,0,0,12
2016,Females,E24.4,Alcohol-induced pseudo-Cushing's syndrome,0,0,0,0,0,0,0,0,0,0,0,0,0,0,0,0,0,0,0,0,0
2016,Females,F10,Mental and behavioural disorders due to the use of alcohol,0,0,0,0,0,0,4,1,9,16,37,42,49,33,27,14,6,10,4,2,254
2016,Females,G31.2,Degeneration of nervous system due to alcohol,0,0,0,0,0,0,0,0,0,0,0,0,0,3,0,1,0,0,0,0,4
2016,Females,G62.1,Alcoholic polyneuropathy,0,0,0,0,0,0,0,0,0,0,0,0,0,0,0,0,0,0,0,0,0
2016,Females,G72.1,Alcoholic myopathy,0,0,0,0,0,0,0,0,0,0,0,0,1,0,0,0,0,0,0,0,1
2016,Females,I42.6,Alcoholic cardiomyopathy,0,0,0,0,0,0,0,0,1,1,1,3,4,2,1,3,1,0,0,0,17
2016,Females,K29.2,Alcoholic gastritis,0,0,0,0,0,0,0,0,0,0,1,0,1,1,0,0,0,0,0,0,3
2016,Females,K70,Alcoholic liver disease,0,0,0,0,0,1,15,57,82,182,261,328,322,282,211,112,77,27,12,0,1969
2016,Females,K85.2,Alcohol-induced acute pancreatitis,0,0,0,0,0,0,1,0,2,3,1,5,2,1,4,3,1,1,0,0,24
2016,Females,K86.0,Alcohol-induced chronic pancreatitis,0,0,0,0,0,0,0,0,0,2,0,1,1,2,1,0,0,0,1,0,8
2016,Females,Q86.0,Fetal alcohol syndrome (dysmorphic),0,0,0,0,0,0,0,0,0,0,0,0,0,0,0,0,0,0,0,0,0
2016,Females,R78.0,Excess alcohol blood levels,0,0,0,0,0,0,0,0,0,0,0,0,0,0,0,0,0,0,0,0,0
2016,Females,X45,Accidental poisoning by and exposure to alcohol,0,0,0,0,0,2,2,4,8,14,22,21,14,16,6,6,0,0,0,0,115
2016,Females,X65,Intentional self-poisoning by and exposure to alcohol,0,0,0,0,0,0,1,0,0,0,0,2,0,0,0,0,0,0,0,0,3
2016,Females,Y15,"Poisoning by and exposure to alcohol, undetermined intent",0,0,0,0,0,0,0,0,0,0,0,0,0,0,1,0,0,0,0,0,1
2015,Persons,E24.4,Alcohol-induced pseudo-Cushing's syndrome,0,0,0,0,0,0,0,0,0,0,0,0,0,0,0,0,0,0,0,0,0
2015,Persons,F10,Mental and behavioural disorders due to the use of alcohol,0,0,0,0,0,0,7,20,32,60,92,117,124,89,102,74,46,26,12,3,804
2015,Persons,G31.2,Degeneration of nervous system due to alcohol,0,0,0,0,0,0,0,0,0,0,1,1,1,2,1,1,3,1,0,0,11
2015,Persons,G62.1,Alcoholic polyneuropathy,0,0,0,0,0,0,0,0,0,0,0,0,0,0,0,0,0,0,0,0,0
2015,Persons,G72.1,Alcoholic myopathy,0,0,0,0,0,0,0,1,0,0,0,0,0,0,0,0,0,0,0,0,1
2015,Persons,I42.6,Alcoholic cardiomyopathy,0,0,0,0,0,0,0,1,5,6,8,15,12,13,17,5,0,4,1,0,87
2015,Persons,K29.2,Alcoholic gastritis,0,0,0,0,0,0,0,0,0,0,1,1,3,2,2,0,1,0,0,0,10
2015,Persons,K70,Alcoholic liver disease,0,0,0,0,0,4,27,114,263,464,750,876,884,815,701,371,182,82,28,4,5565
2015,Persons,K85.2,Alcohol-induced acute pancreatitis,0,0,0,0,0,1,1,2,2,8,14,14,15,8,12,6,4,1,0,0,88
2015,Persons,K86.0,Alcohol-induced chronic pancreatitis,0,0,0,0,0,0,0,1,0,0,1,2,2,3,3,1,0,1,0,0,14
2015,Persons,Q86.0,Fetal alcohol syndrome (dysmorphic),0,0,0,0,0,0,0,0,0,0,0,0,0,0,0,0,0,0,0,0,0
2015,Persons,R78.0,Excess alcohol blood levels,0,0,0,0,0,0,0,0,0,0,0,0,0,0,0,0,0,0,0,0,0
2015,Persons,X45,Accidental poisoning by and exposure to alcohol,0,0,0,0,0,3,17,23,29,61,74,59,58,47,27,11,7,1,0,0,417
2015,Persons,X65,Intentional self-poisoning by and exposure to alcohol,0,0,0,0,0,0,0,0,0,2,0,0,1,1,0,0,1,0,0,0,5
2015,Persons,Y15,"Poisoning by and exposure to alcohol, undetermined intent",0,0,0,0,0,0,0,0,1,0,1,1,1,0,0,0,0,0,0,0,4
2015,Males,E24.4,Alcohol-induced pseudo-Cushing's syndrome,0,0,0,0,0,0,0,0,0,0,0,0,0,0,0,0,0,0,0,0,0
2015,Males,F10,Mental and behavioural disorders due to the use of alcohol,0,0,0,0,0,0,5,10,22,41,69,86,79,62,79,53,37,21,8,2,574
2015,Males,G31.2,Degeneration of nervous system due to alcohol,0,0,0,0,0,0,0,0,0,0,1,1,0,1,1,1,2,1,0,0,8
2015,Males,G62.1,Alcoholic polyneuropathy,0,0,0,0,0,0,0,0,0,0,0,0,0,0,0,0,0,0,0,0,0
2015,Males,G72.1,Alcoholic myopathy,0,0,0,0,0,0,0,1,0,0,0,0,0,0,0,0,0,0,0,0,1
2015,Males,I42.6,Alcoholic cardiomyopathy,0,0,0,0,0,0,0,0,5,6,6,12,11,9,15,3,0,4,1,0,72
2015,Males,K29.2,Alcoholic gastritis,0,0,0,0,0,0,0,0,0,0,1,0,3,1,1,0,1,0,0,0,7
2015,Males,K70,Alcoholic liver disease,0,0,0,0,0,1,15,73,160,273,463,582,563,545,489,260,119,49,23,2,3617
2015,Males,K85.2,Alcohol-induced acute pancreatitis,0,0,0,0,0,1,1,2,2,6,8,13,11,5,10,5,3,1,0,0,68
2015,Males,K86.0,Alcohol-induced chronic pancreatitis,0,0,0,0,0,0,0,1,0,0,1,2,1,3,3,1,0,1,0,0,13
2015,Males,Q86.0,Fetal alcohol syndrome (dysmorphic),0,0,0,0,0,0,0,0,0,0,0,0,0,0,0,0,0,0,0,0,0
2015,Males,R78.0,Excess alcohol blood levels,0,0,0,0,0,0,0,0,0,0,0,0,0,0,0,0,0,0,0,0,0
2015,Males,X45,Accidental poisoning by and exposure to alcohol,0,0,0,0,0,3,12,17,23,42,46,42,34,28,20,4,5,0,0,0,276
2015,Males,X65,Intentional self-poisoning by and exposure to alcohol,0,0,0,0,0,0,0,0,0,1,0,0,1,1,0,0,0,0,0,0,3
2015,Males,Y15,"Poisoning by and exposure to alcohol, undetermined intent",0,0,0,0,0,0,0,0,1,0,0,1,1,0,0,0,0,0,0,0,3
2015,Females,E24.4,Alcohol-induced pseudo-Cushing's syndrome,0,0,0,0,0,0,0,0,0,0,0,0,0,0,0,0,0,0,0,0,0
2015,Females,F10,Mental and behavioural disorders due to the use of alcohol,0,0,0,0,0,0,2,10,10,19,23,31,45,27,23,21,9,5,4,1,230
2015,Females,G31.2,Degeneration of nervous system due to alcohol,0,0,0,0,0,0,0,0,0,0,0,0,1,1,0,0,1,0,0,0,3
2015,Females,G62.1,Alcoholic polyneuropathy,0,0,0,0,0,0,0,0,0,0,0,0,0,0,0,0,0,0,0,0,0
2015,Females,G72.1,Alcoholic myopathy,0,0,0,0,0,0,0,0,0,0,0,0,0,0,0,0,0,0,0,0,0
2015,Females,I42.6,Alcoholic cardiomyopathy,0,0,0,0,0,0,0,1,0,0,2,3,1,4,2,2,0,0,0,0,15
2015,Females,K29.2,Alcoholic gastritis,0,0,0,0,0,0,0,0,0,0,0,1,0,1,1,0,0,0,0,0,3
2015,Females,K70,Alcoholic liver disease,0,0,0,0,0,3,12,41,103,191,287,294,321,270,212,111,63,33,5,2,1948
2015,Females,K85.2,Alcohol-induced acute pancreatitis,0,0,0,0,0,0,0,0,0,2,6,1,4,3,2,1,1,0,0,0,20
2015,Females,K86.0,Alcohol-induced chronic pancreatitis,0,0,0,0,0,0,0,0,0,0,0,0,1,0,0,0,0,0,0,0,1
2015,Females,Q86.0,Fetal alcohol syndrome (dysmorphic),0,0,0,0,0,0,0,0,0,0,0,0,0,0,0,0,0,0,0,0,0
2015,Females,R78.0,Excess alcohol blood levels,0,0,0,0,0,0,0,0,0,0,0,0,0,0,0,0,0,0,0,0,0
2015,Females,X45,Accidental poisoning by and exposure to alcohol,0,0,0,0,0,0,5,6,6,19,28,17,24,19,7,7,2,1,0,0,141
2015,Females,X65,Intentional self-poisoning by and exposure to alcohol,0,0,0,0,0,0,0,0,0,1,0,0,0,0,0,0,1,0,0,0,2
2015,Females,Y15,"Poisoning by and exposure to alcohol, undetermined intent",0,0,0,0,0,0,0,0,0,0,1,0,0,0,0,0,0,0,0,0,1
2014,Persons,E24.4,Alcohol-induced pseudo-Cushing's syndrome,0,0,0,0,0,0,0,0,0,0,0,0,0,0,0,0,0,0,0,0,0
2014,Persons,F10,Mental and behavioural disorders due to the use of alcohol,0,0,0,0,0,2,8,13,42,55,113,122,95,101,105,72,39,30,12,7,816
2014,Persons,G31.2,Degeneration of nervous system due to alcohol,0,0,0,0,0,0,0,0,1,1,0,0,1,2,5,3,0,1,0,0,14
2014,Persons,G62.1,Alcoholic polyneuropathy,0,0,0,0,0,0,0,0,0,0,0,0,0,0,0,0,0,0,0,0,0
2014,Persons,G72.1,Alcoholic myopathy,0,0,0,0,0,0,0,0,0,0,0,0,0,0,0,0,0,0,0,0,0
2014,Persons,I42.6,Alcoholic cardiomyopathy,0,0,0,0,0,0,0,1,8,14,12,13,16,10,8,8,6,2,1,0,99
2014,Persons,K29.2,Alcoholic gastritis,0,0,0,0,0,0,0,0,0,1,0,2,3,1,2,0,0,0,0,0,9
2014,Persons,K70,Alcoholic liver disease,0,0,0,0,0,5,33,123,251,461,747,865,862,807,667,342,176,77,23,6,5445
2014,Persons,K85.2,Alcohol-induced acute pancreatitis,0,0,0,0,0,0,0,4,14,17,20,14,12,14,8,3,1,0,0,0,107
2014,Persons,K86.0,Alcohol-induced chronic pancreatitis,0,0,0,0,0,0,0,0,0,0,5,1,3,2,2,1,1,0,0,0,15
2014,Persons,Q86.0,Fetal alcohol syndrome (dysmorphic),0,0,0,0,0,0,0,0,0,0,0,0,0,0,0,0,0,0,0,0,0
2014,Persons,R78.0,Excess alcohol blood levels,0,0,0,0,0,0,0,0,0,0,0,0,0,0,0,0,0,0,0,0,0
2014,Persons,X45,Accidental poisoning by and exposure to alcohol,0,0,0,0,4,3,19,25,39,56,94,79,82,44,27,13,7,1,0,0,493
2014,Persons,X65,Intentional self-poisoning by and exposure to alcohol,0,0,0,0,0,0,0,0,0,1,2,0,0,0,0,0,1,0,0,0,4
2014,Persons,Y15,"Poisoning by and exposure to alcohol, undetermined intent",0,0,0,0,0,0,0,0,0,0,0,0,0,0,0,0,0,0,0,0,0
2014,Males,E24.4,Alcohol-induced pseudo-Cushing's syndrome,0,0,0,0,0,0,0,0,0,0,0,0,0,0,0,0,0,0,0,0,0
2014,Males,F10,Mental and behavioural disorders due to the use of alcohol,0,0,0,0,0,0,1,5,24,38,80,84,66,76,76,57,25,24,8,3,567
2014,Males,G31.2,Degeneration of nervous system due to alcohol,0,0,0,0,0,0,0,0,1,1,0,0,1,2,4,2,0,1,0,0,12
2014,Males,G62.1,Alcoholic polyneuropathy,0,0,0,0,0,0,0,0,0,0,0,0,0,0,0,0,0,0,0,0,0
2014,Males,G72.1,Alcoholic myopathy,0,0,0,0,0,0,0,0,0,0,0,0,0,0,0,0,0,0,0,0,0
2014,Males,I42.6,Alcoholic cardiomyopathy,0,0,0,0,0,0,0,0,7,10,9,12,13,8,7,6,6,1,1,0,80
2014,Males,K29.2,Alcoholic gastritis,0,0,0,0,0,0,0,0,0,1,0,2,2,1,1,0,0,0,0,0,7
2014,Males,K70,Alcoholic liver disease,0,0,0,0,0,2,23,59,167,288,474,561,556,566,477,234,115,57,16,3,3598
2014,Males,K85.2,Alcohol-induced acute pancreatitis,0,0,0,0,0,0,0,2,11,12,14,13,11,12,5,3,0,0,0,0,83
2014,Males,K86.0,Alcohol-induced chronic pancreatitis,0,0,0,0,0,0,0,0,0,0,3,1,2,2,2,1,1,0,0,0,12
2014,Males,Q86.0,Fetal alcohol syndrome (dysmorphic),0,0,0,0,0,0,0,0,0,0,0,0,0,0,0,0,0,0,0,0,0
2014,Males,R78.0,Excess alcohol blood levels,0,0,0,0,0,0,0,0,0,0,0,0,0,0,0,0,0,0,0,0,0
2014,Males,X45,Accidental poisoning by and exposure to alcohol,0,0,0,0,3,2,14,19,30,42,64,49,55,27,15,6,2,0,0,0,328
2014,Males,X65,Intentional self-poisoning by and exposure to alcohol,0,0,0,0,0,0,0,0,0,0,0,0,0,0,0,0,1,0,0,0,1
2014,Males,Y15,"Poisoning by and exposure to alcohol, undetermined intent",0,0,0,0,0,0,0,0,0,0,0,0,0,0,0,0,0,0,0,0,0
2014,Females,E24.4,Alcohol-induced pseudo-Cushing's syndrome,0,0,0,0,0,0,0,0,0,0,0,0,0,0,0,0,0,0,0,0,0
2014,Females,F10,Mental and behavioural disorders due to the use of alcohol,0,0,0,0,0,2,7,8,18,17,33,38,29,25,29,15,14,6,4,4,249
2014,Females,G31.2,Degeneration of nervous system due to alcohol,0,0,0,0,0,0,0,0,0,0,0,0,0,0,1,1,0,0,0,0,2
2014,Females,G62.1,Alcoholic polyneuropathy,0,0,0,0,0,0,0,0,0,0,0,0,0,0,0,0,0,0,0,0,0
2014,Females,G72.1,Alcoholic myopathy,0,0,0,0,0,0,0,0,0,0,0,0,0,0,0,0,0,0,0,0,0
2014,Females,I42.6,Alcoholic cardiomyopathy,0,0,0,0,0,0,0,1,1,4,3,1,3,2,1,2,0,1,0,0,19
2014,Females,K29.2,Alcoholic gastritis,0,0,0,0,0,0,0,0,0,0,0,0,1,0,1,0,0,0,0,0,2
2014,Females,K70,Alcoholic liver disease,0,0,0,0,0,3,10,64,84,173,273,304,306,241,190,108,61,20,7,3,1847
2014,Females,K85.2,Alcohol-induced acute pancreatitis,0,0,0,0,0,0,0,2,3,5,6,1,1,2,3,0,1,0,0,0,24
2014,Females,K86.0,Alcohol-induced chronic pancreatitis,0,0,0,0,0,0,0,0,0,0,2,0,1,0,0,0,0,0,0,0,3
2014,Females,Q86.0,Fetal alcohol syndrome (dysmorphic),0,0,0,0,0,0,0,0,0,0,0,0,0,0,0,0,0,0,0,0,0
2014,Females,R78.0,Excess alcohol blood levels,0,0,0,0,0,0,0,0,0,0,0,0,0,0,0,0,0,0,0,0,0
2014,Females,X45,Accidental poisoning by and exposure to alcohol,0,0,0,0,1,1,5,6,9,14,30,30,27,17,12,7,5,1,0,0,165
2014,Females,X65,Intentional self-poisoning by and exposure to alcohol,0,0,0,0,0,0,0,0,0,1,2,0,0,0,0,0,0,0,0,0,3
2014,Females,Y15,"Poisoning by and exposure to alcohol, undetermined intent",0,0,0,0,0,0,0,0,0,0,0,0,0,0,0,0,0,0,0,0,0
2013,Persons,E24.4,Alcohol-induced pseudo-Cushing's syndrome,0,0,0,0,0,0,0,0,0,0,0,0,0,0,0,0,0,0,0,0,0
2013,Persons,F10,Mental and behavioural disorders due to the use of alcohol,0,0,0,0,0,1,5,17,26,59,97,112,100,83,80,52,43,28,3,4,710
2013,Persons,G31.2,Degeneration of nervous system due to alcohol,0,0,0,0,0,0,0,0,0,0,1,1,0,1,1,1,3,0,1,0,9
2013,Persons,G62.1,Alcoholic polyneuropathy,0,0,0,0,0,0,0,0,0,0,0,0,0,0,0,0,2,0,0,1,3
2013,Persons,G72.1,Alcoholic myopathy,0,0,0,0,0,0,0,0,0,0,0,0,0,0,0,0,0,0,0,0,0
2013,Persons,I42.6,Alcoholic cardiomyopathy,0,0,0,0,0,0,0,1,6,12,14,16,17,23,13,12,2,2,1,0,119
2013,Persons,K29.2,Alcoholic gastritis,0,0,0,0,0,0,0,0,0,0,0,2,0,2,1,1,0,0,0,0,6
2013,Persons,K70,Alcoholic liver disease,0,0,0,0,0,3,34,114,253,504,728,862,882,835,625,267,155,62,21,5,5350
2013,Persons,K85.2,Alcohol-induced acute pancreatitis,0,0,0,0,0,1,2,3,8,3,7,9,15,5,6,3,2,0,1,1,66
2013,Persons,K86.0,Alcohol-induced chronic pancreatitis,0,0,0,0,0,0,1,1,1,5,5,0,1,1,0,1,0,1,0,0,17
2013,Persons,Q86.0,Fetal alcohol syndrome (dysmorphic),0,0,0,0,0,0,0,0,0,0,0,0,0,0,0,0,0,0,0,0,0
2013,Persons,R78.0,Excess alcohol blood levels,0,0,0,0,0,0,0,0,0,0,0,0,0,0,0,0,0,0,0,0,0
2013,Persons,X45,Accidental poisoning by and exposure to alcohol,0,0,0,0,2,6,18,40,64,79,78,69,58,38,27,10,3,0,2,1,495
2013,Persons,X65,Intentional self-poisoning by and exposure to alcohol,0,0,0,0,0,0,0,0,0,2,1,1,1,2,0,0,0,0,1,0,8
2013,Persons,Y15,"Poisoning by and exposure to alcohol, undetermined intent",0,0,0,0,0,0,0,2,1,0,2,1,0,1,1,0,0,0,0,0,8
2013,Males,E24.4,Alcohol-induced pseudo-Cushing's syndrome,0,0,0,0,0,0,0,0,0,0,0,0,0,0,0,0,0,0,0,0,0
2013,Males,F10,Mental and behavioural disorders due to the use of alcohol,0,0,0,0,0,1,4,11,17,41,78,81,74,59,57,41,30,21,2,3,520
2013,Males,G31.2,Degeneration of nervous system due to alcohol,0,0,0,0,0,0,0,0,0,0,0,1,0,1,1,1,1,0,1,0,6
2013,Males,G62.1,Alcoholic polyneuropathy,0,0,0,0,0,0,0,0,0,0,0,0,0,0,0,0,2,0,0,1,3
2013,Males,G72.1,Alcoholic myopathy,0,0,0,0,0,0,0,0,0,0,0,0,0,0,0,0,0,0,0,0,0
2013,Males,I42.6,Alcoholic cardiomyopathy,0,0,0,0,0,0,0,1,6,11,12,14,16,17,12,9,2,2,1,0,103
2013,Males,K29.2,Alcoholic gastritis,0,0,0,0,0,0,0,0,0,0,0,2,0,2,1,1,0,0,0,0,6
2013,Males,K70,Alcoholic liver disease,0,0,0,0,0,1,22,67,157,337,480,562,583,552,447,185,103,41,15,4,3556
2013,Males,K85.2,Alcohol-induced acute pancreatitis,0,0,0,0,0,1,2,3,4,3,6,6,10,4,4,2,1,0,1,1,48
2013,Males,K86.0,Alcohol-induced chronic pancreatitis,0,0,0,0,0,0,1,0,1,2,3,0,0,1,0,1,0,0,0,0,9
2013,Males,Q86.0,Fetal alcohol syndrome (dysmorphic),0,0,0,0,0,0,0,0,0,0,0,0,0,0,0,0,0,0,0,0,0
2013,Males,R78.0,Excess alcohol blood levels,0,0,0,0,0,0,0,0,0,0,0,0,0,0,0,0,0,0,0,0,0
2013,Males,X45,Accidental poisoning by and exposure to alcohol,0,0,0,0,1,5,15,31,54,58,46,43,36,21,10,4,2,0,2,1,329
2013,Males,X65,Intentional self-poisoning by and exposure to alcohol,0,0,0,0,0,0,0,0,0,2,1,0,0,2,0,0,0,0,1,0,6
2013,Males,Y15,"Poisoning by and exposure to alcohol, undetermined intent",0,0,0,0,0,0,0,2,1,0,0,1,0,1,0,0,0,0,0,0,5
2013,Females,E24.4,Alcohol-induced pseudo-Cushing's syndrome,0,0,0,0,0,0,0,0,0,0,0,0,0,0,0,0,0,0,0,0,0
2013,Females,F10,Mental and behavioural disorders due to the use of alcohol,0,0,0,0,0,0,1,6,9,18,19,31,26,24,23,11,13,7,1,1,190
2013,Females,G31.2,Degeneration of nervous system due to alcohol,0,0,0,0,0,0,0,0,0,0,1,0,0,0,0,0,2,0,0,0,3
2013,Females,G62.1,Alcoholic polyneuropathy,0,0,0,0,0,0,0,0,0,0,0,0,0,0,0,0,0,0,0,0,0
2013,Females,G72.1,Alcoholic myopathy,0,0,0,0,0,0,0,0,0,0,0,0,0,0,0,0,0,0,0,0,0
2013,Females,I42.6,Alcoholic cardiomyopathy,0,0,0,0,0,0,0,0,0,1,2,2,1,6,1,3,0,0,0,0,16
2013,Females,K29.2,Alcoholic gastritis,0,0,0,0,0,0,0,0,0,0,0,0,0,0,0,0,0,0,0,0,0
2013,Females,K70,Alcoholic liver disease,0,0,0,0,0,2,12,47,96,167,248,300,299,283,178,82,52,21,6,1,1794
2013,Females,K85.2,Alcohol-induced acute pancreatitis,0,0,0,0,0,0,0,0,4,0,1,3,5,1,2,1,1,0,0,0,18
2013,Females,K86.0,Alcohol-induced chronic pancreatitis,0,0,0,0,0,0,0,1,0,3,2,0,1,0,0,0,0,1,0,0,8
2013,Females,Q86.0,Fetal alcohol syndrome (dysmorphic),0,0,0,0,0,0,0,0,0,0,0,0,0,0,0,0,0,0,0,0,0
2013,Females,R78.0,Excess alcohol blood levels,0,0,0,0,0,0,0,0,0,0,0,0,0,0,0,0,0,0,0,0,0
2013,Females,X45,Accidental poisoning by and exposure to alcohol,0,0,0,0,1,1,3,9,10,21,32,26,22,17,17,6,1,0,0,0,166
2013,Females,X65,Intentional self-poisoning by and exposure to alcohol,0,0,0,0,0,0,0,0,0,0,0,1,1,0,0,0,0,0,0,0,2
2013,Females,Y15,"Poisoning by and exposure to alcohol, undetermined intent",0,0,0,0,0,0,0,0,0,0,2,0,0,0,1,0,0,0,0,0,3
2012,Persons,E24.4,Alcohol-induced pseudo-Cushing's syndrome,0,0,0,0,0,0,0,0,0,0,0,0,0,0,0,0,0,0,0,0,0
2012,Persons,F10,Mental and behavioural disorders due to the use of alcohol,0,0,0,0,0,0,2,19,45,69,96,81,105,112,96,45,36,23,9,5,743
2012,Persons,G31.2,Degeneration of nervous system due to alcohol,0,0,0,0,0,0,0,0,1,0,1,2,2,2,0,0,0,1,0,0,9
2012,Persons,G62.1,Alcoholic polyneuropathy,0,0,0,0,0,0,0,0,0,0,0,0,0,0,0,0,0,0,0,0,0
2012,Persons,G72.1,Alcoholic myopathy,0,0,0,0,0,0,0,0,0,0,0,0,1,0,0,0,0,0,0,0,1
2012,Persons,I42.6,Alcoholic cardiomyopathy,0,0,0,0,0,0,0,4,7,8,19,16,9,16,20,10,1,1,0,0,111
2012,Persons,K29.2,Alcoholic gastritis,0,0,0,0,0,0,0,0,0,2,0,1,2,0,2,0,0,0,0,0,7
2012,Persons,K70,Alcoholic liver disease,0,0,0,0,0,5,49,124,219,497,730,783,837,761,621,290,187,81,35,4,5223
2012,Persons,K85.2,Alcohol-induced acute pancreatitis,0,0,0,0,0,0,0,2,5,6,9,7,5,5,3,2,2,0,0,2,48
2012,Persons,K86.0,Alcohol-induced chronic pancreatitis,0,0,0,0,0,0,0,0,2,2,0,4,0,1,1,1,1,0,0,0,12
2012,Persons,Q86.0,Fetal alcohol syndrome (dysmorphic),0,0,0,0,0,0,0,0,0,0,0,0,0,0,0,0,0,0,0,0,0
2012,Persons,R78.0,Excess alcohol blood levels,0,0,0,0,0,0,0,0,0,0,0,0,0,0,0,0,0,0,0,0,0
2012,Persons,X45,Accidental poisoning by and exposure to alcohol,0,0,0,0,0,7,13,39,51,74,100,81,58,39,24,12,3,4,0,0,505
2012,Persons,X65,Intentional self-poisoning by and exposure to alcohol,0,0,0,0,0,0,0,0,0,0,0,2,0,1,0,0,0,0,1,0,4
2012,Persons,Y15,"Poisoning by and exposure to alcohol, undetermined intent",0,0,0,0,0,0,0,0,0,1,2,2,1,0,0,0,0,0,0,0,6
2012,Males,E24.4,Alcohol-induced pseudo-Cushing's syndrome,0,0,0,0,0,0,0,0,0,0,0,0,0,0,0,0,0,0,0,0,0
2012,Males,F10,Mental and behavioural disorders due to the use of alcohol,0,0,0,0,0,0,1,14,37,53,76,58,69,81,65,34,27,18,4,1,538
2012,Males,G31.2,Degeneration of nervous system due to alcohol,0,0,0,0,0,0,0,0,0,0,1,1,2,1,0,0,0,1,0,0,6
2012,Males,G62.1,Alcoholic polyneuropathy,0,0,0,0,0,0,0,0,0,0,0,0,0,0,0,0,0,0,0,0,0
2012,Males,G72.1,Alcoholic myopathy,0,0,0,0,0,0,0,0,0,0,0,0,1,0,0,0,0,0,0,0,1
2012,Males,I42.6,Alcoholic cardiomyopathy,0,0,0,0,0,0,0,2,6,8,17,15,5,14,17,8,1,1,0,0,94
2012,Males,K29.2,Alcoholic gastritis,0,0,0,0,0,0,0,0,0,1,0,0,2,0,2,0,0,0,0,0,5
2012,Males,K70,Alcoholic liver disease,0,0,0,0,0,1,32,69,145,320,461,488,535,521,422,194,128,56,24,3,3399
2012,Males,K85.2,Alcohol-induced acute pancreatitis,0,0,0,0,0,0,0,2,5,3,6,3,2,5,3,2,2,0,0,2,35
2012,Males,K86.0,Alcohol-induced chronic pancreatitis,0,0,0,0,0,0,0,0,1,2,0,4,0,1,1,0,1,0,0,0,10
2012,Males,Q86.0,Fetal alcohol syndrome (dysmorphic),0,0,0,0,0,0,0,0,0,0,0,0,0,0,0,0,0,0,0,0,0
2012,Males,R78.0,Excess alcohol blood levels,0,0,0,0,0,0,0,0,0,0,0,0,0,0,0,0,0,0,0,0,0
2012,Males,X45,Accidental poisoning by and exposure to alcohol,0,0,0,0,0,5,10,33,43,52,63,56,39,19,9,6,1,3,0,0,339
2012,Males,X65,Intentional self-poisoning by and exposure to alcohol,0,0,0,0,0,0,0,0,0,0,0,2,0,1,0,0,0,0,0,0,3
2012,Males,Y15,"Poisoning by and exposure to alcohol, undetermined intent",0,0,0,0,0,0,0,0,0,1,1,1,1,0,0,0,0,0,0,0,4
2012,Females,E24.4,Alcohol-induced pseudo-Cushing's syndrome,0,0,0,0,0,0,0,0,0,0,0,0,0,0,0,0,0,0,0,0,0
2012,Females,F10,Mental and behavioural disorders due to the use of alcohol,0,0,0,0,0,0,1,5,8,16,20,23,36,31,31,11,9,5,5,4,205
2012,Females,G31.2,Degeneration of nervous system due to alcohol,0,0,0,0,0,0,0,0,1,0,0,1,0,1,0,0,0,0,0,0,3
2012,Females,G62.1,Alcoholic polyneuropathy,0,0,0,0,0,0,0,0,0,0,0,0,0,0,0,0,0,0,0,0,0
2012,Females,G72.1,Alcoholic myopathy,0,0,0,0,0,0,0,0,0,0,0,0,0,0,0,0,0,0,0,0,0
2012,Females,I42.6,Alcoholic cardiomyopathy,0,0,0,0,0,0,0,2,1,0,2,1,4,2,3,2,0,0,0,0,17
2012,Females,K29.2,Alcoholic gastritis,0,0,0,0,0,0,0,0,0,1,0,1,0,0,0,0,0,0,0,0,2
2012,Females,K70,Alcoholic liver disease,0,0,0,0,0,4,17,55,74,177,269,295,302,240,199,96,59,25,11,1,1824
2012,Females,K85.2,Alcohol-induced acute pancreatitis,0,0,0,0,0,0,0,0,0,3,3,4,3,0,0,0,0,0,0,0,13
2012,Females,K86.0,Alcohol-induced chronic pancreatitis,0,0,0,0,0,0,0,0,1,0,0,0,0,0,0,1,0,0,0,0,2
2012,Females,Q86.0,Fetal alcohol syndrome (dysmorphic),0,0,0,0,0,0,0,0,0,0,0,0,0,0,0,0,0,0,0,0,0
2012,Females,R78.0,Excess alcohol blood levels,0,0,0,0,0,0,0,0,0,0,0,0,0,0,0,0,0,0,0,0,0
2012,Females,X45,Accidental poisoning by and exposure to alcohol,0,0,0,0,0,2,3,6,8,22,37,25,19,20,15,6,2,1,0,0,166
2012,Females,X65,Intentional self-poisoning by and exposure to alcohol,0,0,0,0,0,0,0,0,0,0,0,0,0,0,0,0,0,0,1,0,1
2012,Females,Y15,"Poisoning by and exposure to alcohol, undetermined intent",0,0,0,0,0,0,0,0,0,0,1,1,0,0,0,0,0,0,0,0,2
2011,Persons,E24.4,Alcohol-induced pseudo-Cushing's syndrome,0,0,0,0,0,0,0,0,0,0,0,0,0,0,0,0,0,0,0,0,0
2011,Persons,F10,Mental and behavioural disorders due to the use of alcohol,0,0,0,0,0,1,7,20,38,79,96,113,96,114,85,61,19,26,10,5,770
2011,Persons,G31.2,Degeneration of nervous system due to alcohol,0,0,0,0,0,0,0,0,1,1,0,3,1,6,2,1,1,0,0,0,16
2011,Persons,G62.1,Alcoholic polyneuropathy,0,0,0,0,0,0,0,0,0,0,0,0,0,0,1,0,1,1,0,0,3
2011,Persons,G72.1,Alcoholic myopathy,0,0,0,0,0,0,0,0,0,0,0,0,0,0,0,0,0,1,0,0,1
2011,Persons,I42.6,Alcoholic cardiomyopathy,0,0,0,0,0,0,0,1,4,10,13,22,30,17,8,8,7,7,1,0,128
2011,Persons,K29.2,Alcoholic gastritis,0,0,0,0,0,0,0,1,0,4,2,0,1,3,0,3,1,0,0,0,15
2011,Persons,K70,Alcoholic liver disease,0,0,0,0,0,7,56,145,309,592,762,891,885,863,553,344,178,66,24,10,5685
2011,Persons,K85.2,Alcohol-induced acute pancreatitis,0,0,0,0,0,1,2,2,5,8,10,7,6,10,5,4,1,1,0,0,62
2011,Persons,K86.0,Alcohol-induced chronic pancreatitis,0,0,0,0,0,0,0,0,0,0,2,1,3,2,0,0,0,0,0,0,8
2011,Persons,Q86.0,Fetal alcohol syndrome (dysmorphic),0,0,0,0,0,0,0,0,0,0,0,0,0,0,0,0,0,0,0,0,0
2011,Persons,R78.0,Excess alcohol blood levels,0,0,0,0,0,0,0,0,0,0,0,0,0,0,0,0,0,0,0,0,0
2011,Persons,X45,Accidental poisoning by and exposure to alcohol,0,0,0,0,1,6,18,31,45,73,88,64,63,37,27,12,1,2,1,0,469
2011,Persons,X65,Intentional self-poisoning by and exposure to alcohol,0,0,0,0,0,0,1,0,1,0,0,2,1,1,0,0,0,0,1,0,7
2011,Persons,Y15,"Poisoning by and exposure to alcohol, undetermined intent",0,0,0,0,0,0,0,2,0,2,3,2,2,2,1,0,1,0,0,0,15
2011,Males,E24.4,Alcohol-induced pseudo-Cushing's syndrome,0,0,0,0,0,0,0,0,0,0,0,0,0,0,0,0,0,0,0,0,0
2011,Males,F10,Mental and behavioural disorders due to the use of alcohol,0,0,0,0,0,0,4,14,25,52,71,80,64,80,62,46,14,20,8,3,543
2011,Males,G31.2,Degeneration of nervous system due to alcohol,0,0,0,0,0,0,0,0,1,1,0,2,1,4,0,1,1,0,0,0,11
2011,Males,G62.1,Alcoholic polyneuropathy,0,0,0,0,0,0,0,0,0,0,0,0,0,0,1,0,1,1,0,0,3
2011,Males,G72.1,Alcoholic myopathy,0,0,0,0,0,0,0,0,0,0,0,0,0,0,0,0,0,1,0,0,1
2011,Males,I42.6,Alcoholic cardiomyopathy,0,0,0,0,0,0,0,0,4,7,12,17,29,15,8,7,7,6,1,0,113
2011,Males,K29.2,Alcoholic gastritis,0,0,0,0,0,0,0,0,0,3,2,0,1,3,0,2,0,0,0,0,11
2011,Males,K70,Alcoholic liver disease,0,0,0,0,0,3,35,79,184,378,507,580,587,591,396,243,116,36,14,7,3756
2011,Males,K85.2,Alcohol-induced acute pancreatitis,0,0,0,0,0,1,2,2,2,6,9,6,5,7,4,3,1,0,0,0,48
2011,Males,K86.0,Alcohol-induced chronic pancreatitis,0,0,0,0,0,0,0,0,0,0,1,1,3,2,0,0,0,0,0,0,7
2011,Males,Q86.0,Fetal alcohol syndrome (dysmorphic),0,0,0,0,0,0,0,0,0,0,0,0,0,0,0,0,0,0,0,0,0
2011,Males,R78.0,Excess alcohol blood levels,0,0,0,0,0,0,0,0,0,0,0,0,0,0,0,0,0,0,0,0,0
2011,Males,X45,Accidental poisoning by and exposure to alcohol,0,0,0,0,1,5,14,26,35,55,64,37,39,20,23,7,1,1,0,0,328
2011,Males,X65,Intentional self-poisoning by and exposure to alcohol,0,0,0,0,0,0,0,0,1,0,0,1,0,0,0,0,0,0,1,0,3
2011,Males,Y15,"Poisoning by and exposure to alcohol, undetermined intent",0,0,0,0,0,0,0,1,0,2,3,1,0,2,1,0,0,0,0,0,10
2011,Females,E24.4,Alcohol-induced pseudo-Cushing's syndrome,0,0,0,0,0,0,0,0,0,0,0,0,0,0,0,0,0,0,0,0,0
2011,Females,F10,Mental and behavioural disorders due to the use of alcohol,0,0,0,0,0,1,3,6,13,27,25,33,32,34,23,15,5,6,2,2,227
2011,Females,G31.2,Degeneration of nervous system due to alcohol,0,0,0,0,0,0,0,0,0,0,0,1,0,2,2,0,0,0,0,0,5
2011,Females,G62.1,Alcoholic polyneuropathy,0,0,0,0,0,0,0,0,0,0,0,0,0,0,0,0,0,0,0,0,0
2011,Females,G72.1,Alcoholic myopathy,0,0,0,0,0,0,0,0,0,0,0,0,0,0,0,0,0,0,0,0,0
2011,Females,I42.6,Alcoholic cardiomyopathy,0,0,0,0,0,0,0,1,0,3,1,5,1,2,0,1,0,1,0,0,15
2011,Females,K29.2,Alcoholic gastritis,0,0,0,0,0,0,0,1,0,1,0,0,0,0,0,1,1,0,0,0,4
2011,Females,K70,Alcoholic liver disease,0,0,0,0,0,4,21,66,125,214,255,311,298,272,157,101,62,30,10,3,1929
2011,Females,K85.2,Alcohol-induced acute pancreatitis,0,0,0,0,0,0,0,0,3,2,1,1,1,3,1,1,0,1,0,0,14
2011,Females,K86.0,Alcohol-induced chronic pancreatitis,0,0,0,0,0,0,0,0,0,0,1,0,0,0,0,0,0,0,0,0,1
2011,Females,Q86.0,Fetal alcohol syndrome (dysmorphic),0,0,0,0,0,0,0,0,0,0,0,0,0,0,0,0,0,0,0,0,0
2011,Females,R78.0,Excess alcohol blood levels,0,0,0,0,0,0,0,0,0,0,0,0,0,0,0,0,0,0,0,0,0
2011,Females,X45,Accidental poisoning by and exposure to alcohol,0,0,0,0,0,1,4,5,10,18,24,27,24,17,4,5,0,1,1,0,141
2011,Females,X65,Intentional self-poisoning by and exposure to alcohol,0,0,0,0,0,0,1,0,0,0,0,1,1,1,0,0,0,0,0,0,4
2011,Females,Y15,"Poisoning by and exposure to alcohol, undetermined intent",0,0,0,0,0,0,0,1,0,0,0,1,2,0,0,0,1,0,0,0,5
2010,Persons,E24.4,Alcohol-induced pseudo-Cushing's syndrome,0,0,0,0,0,0,0,0,0,0,0,0,0,0,0,0,0,0,0,0,0
2010,Persons,F10,Mental and behavioural disorders due to the use of alcohol,0,0,0,0,2,12,16,35,70,127,142,156,152,148,89,54,17,17,10,4,1051
2010,Persons,G31.2,Degeneration of nervous system due to alcohol,0,0,0,0,0,0,0,0,1,1,2,1,1,1,1,1,0,0,0,0,9
2010,Persons,G62.1,Alcoholic polyneuropathy,0,0,0,0,0,0,0,0,0,0,0,0,0,0,0,0,0,0,0,0,0
2010,Persons,G72.1,Alcoholic myopathy,0,0,0,0,0,0,0,0,0,0,0,0,0,0,0,0,0,0,0,0,0
2010,Persons,I42.6,Alcoholic cardiomyopathy,0,0,0,0,0,0,1,4,2,7,13,15,17,12,13,5,1,2,2,0,94
2010,Persons,K29.2,Alcoholic gastritis,0,0,0,0,0,0,0,0,0,1,3,0,4,2,4,1,0,0,0,0,15
2010,Persons,K70,Alcoholic liver disease,0,0,0,0,1,6,49,142,309,557,778,870,912,850,575,283,158,66,24,3,5583
2010,Persons,K85.2,Alcohol-induced acute pancreatitis,0,0,0,0,0,0,0,1,0,1,2,0,1,1,1,1,1,0,0,0,9
2010,Persons,K86.0,Alcohol-induced chronic pancreatitis,0,0,0,0,0,0,2,4,10,9,14,7,5,5,3,4,2,1,0,0,66
2010,Persons,Q86.0,Fetal alcohol syndrome (dysmorphic),0,0,0,0,0,0,0,0,0,0,0,0,0,0,0,0,0,0,0,0,0
2010,Persons,R78.0,Excess alcohol blood levels,0,0,0,0,0,0,0,0,0,0,0,0,0,0,0,0,0,0,0,0,0
2010,Persons,X45,Accidental poisoning by and exposure to alcohol,0,0,0,0,4,0,9,19,24,29,48,38,23,22,10,3,4,0,0,0,233
2010,Persons,X65,Intentional self-poisoning by and exposure to alcohol,0,0,0,0,0,0,0,0,0,1,2,0,0,0,0,0,0,0,0,0,3
2010,Persons,Y15,"Poisoning by and exposure to alcohol, undetermined intent",0,0,0,0,0,1,2,0,1,0,0,2,0,0,0,0,0,0,0,0,6
2010,Males,E24.4,Alcohol-induced pseudo-Cushing's syndrome,0,0,0,0,0,0,0,0,0,0,0,0,0,0,0,0,0,0,0,0,0
2010,Males,F10,Mental and behavioural disorders due to the use of alcohol,0,0,0,0,1,11,13,25,40,89,105,105,106,113,59,45,10,11,8,1,742
2010,Males,G31.2,Degeneration of nervous system due to alcohol,0,0,0,0,0,0,0,0,1,1,1,1,1,1,1,1,0,0,0,0,8
2010,Males,G62.1,Alcoholic polyneuropathy,0,0,0,0,0,0,0,0,0,0,0,0,0,0,0,0,0,0,0,0,0
2010,Males,G72.1,Alcoholic myopathy,0,0,0,0,0,0,0,0,0,0,0,0,0,0,0,0,0,0,0,0,0
2010,Males,I42.6,Alcoholic cardiomyopathy,0,0,0,0,0,0,1,4,2,6,10,12,15,11,12,4,1,2,2,0,82
2010,Males,K29.2,Alcoholic gastritis,0,0,0,0,0,0,0,0,0,1,3,0,3,2,4,1,0,0,0,0,14
2010,Males,K70,Alcoholic liver disease,0,0,0,0,1,4,32,77,196,365,527,587,614,582,403,200,115,38,17,2,3760
2010,Males,K85.2,Alcohol-induced acute pancreatitis,0,0,0,0,0,0,0,1,0,1,1,0,1,1,1,1,1,0,0,0,8
2010,Males,K86.0,Alcohol-induced chronic pancreatitis,0,0,0,0,0,0,1,4,7,7,9,5,4,3,3,2,1,1,0,0,47
2010,Males,Q86.0,Fetal alcohol syndrome (dysmorphic),0,0,0,0,0,0,0,0,0,0,0,0,0,0,0,0,0,0,0,0,0
2010,Males,R78.0,Excess alcohol blood levels,0,0,0,0,0,0,0,0,0,0,0,0,0,0,0,0,0,0,0,0,0
2010,Males,X45,Accidental poisoning by and exposure to alcohol,0,0,0,0,3,0,7,15,17,23,33,26,13,14,5,2,3,0,0,0,161
2010,Males,X65,Intentional self-poisoning by and exposure to alcohol,0,0,0,0,0,0,0,0,0,1,2,0,0,0,0,0,0,0,0,0,3
2010,Males,Y15,"Poisoning by and exposure to alcohol, undetermined intent",0,0,0,0,0,1,2,0,0,0,0,2,0,0,0,0,0,0,0,0,5
2010,Females,E24.4,Alcohol-induced pseudo-Cushing's syndrome,0,0,0,0,0,0,0,0,0,0,0,0,0,0,0,0,0,0,0,0,0
2010,Females,F10,Mental and behavioural disorders due to the use of alcohol,0,0,0,0,1,1,3,10,30,38,37,51,46,35,30,9,7,6,2,3,309
2010,Females,G31.2,Degeneration of nervous system due to alcohol,0,0,0,0,0,0,0,0,0,0,1,0,0,0,0,0,0,0,0,0,1
2010,Females,G62.1,Alcoholic polyneuropathy,0,0,0,0,0,0,0,0,0,0,0,0,0,0,0,0,0,0,0,0,0
2010,Females,G72.1,Alcoholic myopathy,0,0,0,0,0,0,0,0,0,0,0,0,0,0,0,0,0,0,0,0,0
2010,Females,I42.6,Alcoholic cardiomyopathy,0,0,0,0,0,0,0,0,0,1,3,3,2,1,1,1,0,0,0,0,12
2010,Females,K29.2,Alcoholic gastritis,0,0,0,0,0,0,0,0,0,0,0,0,1,0,0,0,0,0,0,0,1
2010,Females,K70,Alcoholic liver disease,0,0,0,0,0,2,17,65,113,192,251,283,298,268,172,83,43,28,7,1,1823
2010,Females,K85.2,Alcohol-induced acute pancreatitis,0,0,0,0,0,0,0,0,0,0,1,0,0,0,0,0,0,0,0,0,1
2010,Females,K86.0,Alcohol-induced chronic pancreatitis,0,0,0,0,0,0,1,0,3,2,5,2,1,2,0,2,1,0,0,0,19
2010,Females,Q86.0,Fetal alcohol syndrome (dysmorphic),0,0,0,0,0,0,0,0,0,0,0,0,0,0,0,0,0,0,0,0,0
2010,Females,R78.0,Excess alcohol blood levels,0,0,0,0,0,0,0,0,0,0,0,0,0,0,0,0,0,0,0,0,0
2010,Females,X45,Accidental poisoning by and exposure to alcohol,0,0,0,0,1,0,2,4,7,6,15,12,10,8,5,1,1,0,0,0,72
2010,Females,X65,Intentional self-poisoning by and exposure to alcohol,0,0,0,0,0,0,0,0,0,0,0,0,0,0,0,0,0,0,0,0,0
2010,Females,Y15,"Poisoning by and exposure to alcohol, undetermined intent",0,0,0,0,0,0,0,0,1,0,0,0,0,0,0,0,0,0,0,0,1
2009,Persons,E24.4,Alcohol-induced pseudo-Cushing's syndrome,0,0,0,0,0,0,0,0,0,0,0,0,0,0,0,0,0,0,0,0,0
2009,Persons,F10,Mental and behavioural disorders due to the use of alcohol,0,0,0,0,2,7,20,32,71,131,125,132,153,138,85,41,33,17,7,2,996
2009,Persons,G31.2,Degeneration of nervous system due to alcohol,0,0,0,0,0,0,0,0,0,0,0,2,3,3,0,1,1,2,0,0,12
2009,Persons,G62.1,Alcoholic polyneuropathy,0,0,0,0,0,0,0,0,0,0,0,0,0,0,0,0,0,0,0,0,0
2009,Persons,G72.1,Alcoholic myopathy,0,0,0,0,0,0,0,0,0,0,0,0,0,0,0,0,0,0,0,0,0
2009,Persons,I42.6,Alcoholic cardiomyopathy,0,0,0,0,0,1,1,3,5,13,11,13,19,21,14,6,6,2,2,0,117
2009,Persons,K29.2,Alcoholic gastritis,0,0,0,0,0,0,0,0,0,3,1,1,2,0,2,2,0,0,2,0,13
2009,Persons,K70,Alcoholic liver disease,0,0,0,0,1,9,47,141,315,610,794,866,820,827,515,271,168,60,30,3,5477
2009,Persons,K85.2,Alcohol-induced acute pancreatitis,0,0,0,0,0,2,1,0,0,0,2,2,2,1,2,1,0,0,0,0,13
2009,Persons,K86.0,Alcohol-induced chronic pancreatitis,0,0,0,0,0,0,2,4,6,8,10,10,11,7,1,2,2,1,0,0,64
2009,Persons,Q86.0,Fetal alcohol syndrome (dysmorphic),0,0,0,0,0,0,0,0,0,0,0,0,0,0,0,0,0,0,0,0,0
2009,Persons,R78.0,Excess alcohol blood levels,0,0,0,0,0,0,0,0,0,0,0,0,0,0,0,0,0,0,0,0,0
2009,Persons,X45,Accidental poisoning by and exposure to alcohol,0,0,0,0,0,2,11,12,24,38,33,32,24,20,5,2,1,0,0,1,205
2009,Persons,X65,Intentional self-poisoning by and exposure to alcohol,0,0,0,0,0,0,0,0,0,0,0,0,1,1,0,2,0,0,0,0,4
2009,Persons,Y15,"Poisoning by and exposure to alcohol, undetermined intent",0,0,0,0,0,0,0,1,0,2,2,3,1,0,0,0,0,0,0,0,9
2009,Males,E24.4,Alcohol-induced pseudo-Cushing's syndrome,0,0,0,0,0,0,0,0,0,0,0,0,0,0,0,0,0,0,0,0,0
2009,Males,F10,Mental and behavioural disorders due to the use of alcohol,0,0,0,0,1,5,11,25,50,91,81,99,108,92,66,31,26,13,5,2,706
2009,Males,G31.2,Degeneration of nervous system due to alcohol,0,0,0,0,0,0,0,0,0,0,0,1,2,2,0,1,1,2,0,0,9
2009,Males,G62.1,Alcoholic polyneuropathy,0,0,0,0,0,0,0,0,0,0,0,0,0,0,0,0,0,0,0,0,0
2009,Males,G72.1,Alcoholic myopathy,0,0,0,0,0,0,0,0,0,0,0,0,0,0,0,0,0,0,0,0,0
2009,Males,I42.6,Alcoholic cardiomyopathy,0,0,0,0,0,1,1,2,4,10,10,9,16,17,11,5,6,2,2,0,96
2009,Males,K29.2,Alcoholic gastritis,0,0,0,0,0,0,0,0,0,2,1,0,2,0,2,1,0,0,1,0,9
2009,Males,K70,Alcoholic liver disease,0,0,0,0,1,9,31,79,197,419,515,569,541,565,344,176,108,40,16,2,3612
2009,Males,K85.2,Alcohol-induced acute pancreatitis,0,0,0,0,0,2,1,0,0,0,2,1,1,1,2,0,0,0,0,0,10
2009,Males,K86.0,Alcohol-induced chronic pancreatitis,0,0,0,0,0,0,2,4,4,8,9,4,6,7,1,1,2,1,0,0,49
2009,Males,Q86.0,Fetal alcohol syndrome (dysmorphic),0,0,0,0,0,0,0,0,0,0,0,0,0,0,0,0,0,0,0,0,0
2009,Males,R78.0,Excess alcohol blood levels,0,0,0,0,0,0,0,0,0,0,0,0,0,0,0,0,0,0,0,0,0
2009,Males,X45,Accidental poisoning by and exposure to alcohol,0,0,0,0,0,2,8,7,20,33,24,17,15,11,5,1,0,0,0,1,144
2009,Males,X65,Intentional self-poisoning by and exposure to alcohol,0,0,0,0,0,0,0,0,0,0,0,0,0,1,0,0,0,0,0,0,1
2009,Males,Y15,"Poisoning by and exposure to alcohol, undetermined intent",0,0,0,0,0,0,0,1,0,0,2,3,0,0,0,0,0,0,0,0,6
2009,Females,E24.4,Alcohol-induced pseudo-Cushing's syndrome,0,0,0,0,0,0,0,0,0,0,0,0,0,0,0,0,0,0,0,0,0
2009,Females,F10,Mental and behavioural disorders due to the use of alcohol,0,0,0,0,1,2,9,7,21,40,44,33,45,46,19,10,7,4,2,0,290
2009,Females,G31.2,Degeneration of nervous system due to alcohol,0,0,0,0,0,0,0,0,0,0,0,1,1,1,0,0,0,0,0,0,3
2009,Females,G62.1,Alcoholic polyneuropathy,0,0,0,0,0,0,0,0,0,0,0,0,0,0,0,0,0,0,0,0,0
2009,Females,G72.1,Alcoholic myopathy,0,0,0,0,0,0,0,0,0,0,0,0,0,0,0,0,0,0,0,0,0
2009,Females,I42.6,Alcoholic cardiomyopathy,0,0,0,0,0,0,0,1,1,3,1,4,3,4,3,1,0,0,0,0,21
2009,Females,K29.2,Alcoholic gastritis,0,0,0,0,0,0,0,0,0,1,0,1,0,0,0,1,0,0,1,0,4
2009,Females,K70,Alcoholic liver disease,0,0,0,0,0,0,16,62,118,191,279,297,279,262,171,95,60,20,14,1,1865
2009,Females,K85.2,Alcohol-induced acute pancreatitis,0,0,0,0,0,0,0,0,0,0,0,1,1,0,0,1,0,0,0,0,3
2009,Females,K86.0,Alcohol-induced chronic pancreatitis,0,0,0,0,0,0,0,0,2,0,1,6,5,0,0,1,0,0,0,0,15
2009,Females,Q86.0,Fetal alcohol syndrome (dysmorphic),0,0,0,0,0,0,0,0,0,0,0,0,0,0,0,0,0,0,0,0,0
2009,Females,R78.0,Excess alcohol blood levels,0,0,0,0,0,0,0,0,0,0,0,0,0,0,0,0,0,0,0,0,0
2009,Females,X45,Accidental poisoning by and exposure to alcohol,0,0,0,0,0,0,3,5,4,5,9,15,9,9,0,1,1,0,0,0,61
2009,Females,X65,Intentional self-poisoning by and exposure to alcohol,0,0,0,0,0,0,0,0,0,0,0,0,1,0,0,2,0,0,0,0,3
2009,Females,Y15,"Poisoning by and exposure to alcohol, undetermined intent",0,0,0,0,0,0,0,0,0,2,0,0,1,0,0,0,0,0,0,0,3
2008,Persons,E24.4,Alcohol-induced pseudo-Cushing's syndrome,0,0,0,0,0,0,0,0,0,0,0,0,0,0,0,0,0,0,0,0,0
2008,Persons,F10,Mental and behavioural disorders due to the use of alcohol,0,0,0,0,4,8,12,41,91,119,159,149,146,135,92,54,36,21,3,3,1073
2008,Persons,G31.2,Degeneration of nervous system due to alcohol,0,0,0,0,0,0,0,0,0,0,3,0,0,1,5,0,1,0,0,0,10
2008,Persons,G62.1,Alcoholic polyneuropathy,0,0,0,0,0,0,0,0,0,0,1,0,0,1,0,0,0,0,0,0,2
2008,Persons,G72.1,Alcoholic myopathy,0,0,0,0,0,0,0,0,0,0,0,0,0,0,0,0,0,0,0,0,0
2008,Persons,I42.6,Alcoholic cardiomyopathy,0,0,0,0,0,0,1,4,5,7,16,13,15,12,15,9,7,3,2,0,109
2008,Persons,K29.2,Alcoholic gastritis,0,0,0,0,0,0,0,0,0,0,0,3,3,0,0,0,1,0,0,0,7
2008,Persons,K70,Alcoholic liver disease,0,0,0,0,0,8,39,142,315,598,774,1017,973,862,564,342,153,53,21,3,5864
2008,Persons,K85.2,Alcohol-induced acute pancreatitis,0,0,0,0,0,0,1,0,1,0,2,2,0,2,1,0,1,0,0,0,10
2008,Persons,K86.0,Alcohol-induced chronic pancreatitis,0,0,0,0,0,0,2,5,11,7,5,9,7,6,7,4,0,0,0,0,63
2008,Persons,Q86.0,Fetal alcohol syndrome (dysmorphic),0,0,0,0,0,0,0,0,0,0,0,0,0,0,0,0,0,0,0,0,0
2008,Persons,R78.0,Excess alcohol blood levels,0,0,0,0,0,0,0,0,0,0,0,0,0,0,0,0,0,0,0,0,0
2008,Persons,X45,Accidental poisoning by and exposure to alcohol,0,0,0,0,1,10,6,17,27,29,33,34,14,14,5,4,1,0,1,0,196
2008,Persons,X65,Intentional self-poisoning by and exposure to alcohol,0,0,0,0,0,0,0,0,0,1,0,0,0,1,1,0,1,0,0,0,4
2008,Persons,Y15,"Poisoning by and exposure to alcohol, undetermined intent",0,0,0,0,0,2,1,2,0,0,1,2,0,1,0,0,0,0,0,0,9
2008,Males,E24.4,Alcohol-induced pseudo-Cushing's syndrome,0,0,0,0,0,0,0,0,0,0,0,0,0,0,0,0,0,0,0,0,0
2008,Males,F10,Mental and behavioural disorders due to the use of alcohol,0,0,0,0,4,7,12,28,67,87,110,90,101,105,59,42,25,14,2,1,754
2008,Males,G31.2,Degeneration of nervous system due to alcohol,0,0,0,0,0,0,0,0,0,0,1,0,0,1,4,0,0,0,0,0,6
2008,Males,G62.1,Alcoholic polyneuropathy,0,0,0,0,0,0,0,0,0,0,1,0,0,1,0,0,0,0,0,0,2
2008,Males,G72.1,Alcoholic myopathy,0,0,0,0,0,0,0,0,0,0,0,0,0,0,0,0,0,0,0,0,0
2008,Males,I42.6,Alcoholic cardiomyopathy,0,0,0,0,0,0,0,3,3,7,14,11,15,9,13,9,7,2,1,0,94
2008,Males,K29.2,Alcoholic gastritis,0,0,0,0,0,0,0,0,0,0,0,3,3,0,0,0,0,0,0,0,6
2008,Males,K70,Alcoholic liver disease,0,0,0,0,0,3,27,94,210,393,512,694,647,587,383,226,110,39,14,3,3942
2008,Males,K85.2,Alcohol-induced acute pancreatitis,0,0,0,0,0,0,1,0,0,0,1,0,0,2,1,0,1,0,0,0,6
2008,Males,K86.0,Alcohol-induced chronic pancreatitis,0,0,0,0,0,0,2,3,10,6,3,8,7,2,6,3,0,0,0,0,50
2008,Males,Q86.0,Fetal alcohol syndrome (dysmorphic),0,0,0,0,0,0,0,0,0,0,0,0,0,0,0,0,0,0,0,0,0
2008,Males,R78.0,Excess alcohol blood levels,0,0,0,0,0,0,0,0,0,0,0,0,0,0,0,0,0,0,0,0,0
2008,Males,X45,Accidental poisoning by and exposure to alcohol,0,0,0,0,1,10,4,13,20,22,20,24,9,8,4,2,1,0,1,0,139
2008,Males,X65,Intentional self-poisoning by and exposure to alcohol,0,0,0,0,0,0,0,0,0,1,0,0,0,0,0,0,1,0,0,0,2
2008,Males,Y15,"Poisoning by and exposure to alcohol, undetermined intent",0,0,0,0,0,2,1,1,0,0,1,0,0,1,0,0,0,0,0,0,6
2008,Females,E24.4,Alcohol-induced pseudo-Cushing's syndrome,0,0,0,0,0,0,0,0,0,0,0,0,0,0,0,0,0,0,0,0,0
2008,Females,F10,Mental and behavioural disorders due to the use of alcohol,0,0,0,0,0,1,0,13,24,32,49,59,45,30,33,12,11,7,1,2,319
2008,Females,G31.2,Degeneration of nervous system due to alcohol,0,0,0,0,0,0,0,0,0,0,2,0,0,0,1,0,1,0,0,0,4
2008,Females,G62.1,Alcoholic polyneuropathy,0,0,0,0,0,0,0,0,0,0,0,0,0,0,0,0,0,0,0,0,0
2008,Females,G72.1,Alcoholic myopathy,0,0,0,0,0,0,0,0,0,0,0,0,0,0,0,0,0,0,0,0,0
2008,Females,I42.6,Alcoholic cardiomyopathy,0,0,0,0,0,0,1,1,2,0,2,2,0,3,2,0,0,1,1,0,15
2008,Females,K29.2,Alcoholic gastritis,0,0,0,0,0,0,0,0,0,0,0,0,0,0,0,0,1,0,0,0,1
2008,Females,K70,Alcoholic liver disease,0,0,0,0,0,5,12,48,105,205,262,323,326,275,181,116,43,14,7,0,1922
2008,Females,K85.2,Alcohol-induced acute pancreatitis,0,0,0,0,0,0,0,0,1,0,1,2,0,0,0,0,0,0,0,0,4
2008,Females,K86.0,Alcohol-induced chronic pancreatitis,0,0,0,0,0,0,0,2,1,1,2,1,0,4,1,1,0,0,0,0,13
2008,Females,Q86.0,Fetal alcohol syndrome (dysmorphic),0,0,0,0,0,0,0,0,0,0,0,0,0,0,0,0,0,0,0,0,0
2008,Females,R78.0,Excess alcohol blood levels,0,0,0,0,0,0,0,0,0,0,0,0,0,0,0,0,0,0,0,0,0
2008,Females,X45,Accidental poisoning by and exposure to alcohol,0,0,0,0,0,0,2,4,7,7,13,10,5,6,1,2,0,0,0,0,57
2008,Females,X65,Intentional self-poisoning by and exposure to alcohol,0,0,0,0,0,0,0,0,0,0,0,0,0,1,1,0,0,0,0,0,2
2008,Females,Y15,"Poisoning by and exposure to alcohol, undetermined intent",0,0,0,0,0,0,0,1,0,0,0,2,0,0,0,0,0,0,0,0,3
2007,Persons,E24.4,Alcohol-induced pseudo-Cushing's syndrome,0,0,0,0,0,0,0,0,0,0,0,0,0,0,0,0,0,0,0,0,0
2007,Persons,F10,Mental and behavioural disorders due to the use of alcohol,0,0,0,0,1,5,22,47,61,115,114,157,144,120,91,34,14,17,5,1,948
2007,Persons,G31.2,Degeneration of nervous system due to alcohol,0,0,0,0,0,0,0,0,1,1,2,1,2,0,1,2,0,0,1,0,11
2007,Persons,G62.1,Alcoholic polyneuropathy,0,0,0,0,0,0,0,0,0,0,0,0,0,0,0,0,0,0,0,1,1
2007,Persons,G72.1,Alcoholic myopathy,0,0,0,0,0,0,0,0,0,0,0,0,1,0,0,0,0,0,0,0,1
2007,Persons,I42.6,Alcoholic cardiomyopathy,0,0,0,0,0,0,0,0,12,6,7,17,21,11,9,3,4,2,1,0,93
2007,Persons,K29.2,Alcoholic gastritis,0,0,0,0,0,0,0,1,1,1,2,6,2,2,0,0,0,0,0,0,15
2007,Persons,K70,Alcoholic liver disease,1,0,0,0,0,7,47,121,301,602,773,939,935,829,521,305,157,74,24,2,5638
2007,Persons,K85.2,Alcohol-induced acute pancreatitis,0,0,0,0,0,0,0,3,0,3,4,0,1,2,1,0,1,0,0,0,15
2007,Persons,K86.0,Alcohol-induced chronic pancreatitis,0,0,0,0,0,1,0,3,8,12,5,9,7,8,3,0,1,1,2,0,60
2007,Persons,Q86.0,Fetal alcohol syndrome (dysmorphic),0,0,0,0,0,0,0,0,0,0,0,0,0,0,0,0,0,0,0,0,0
2007,Persons,R78.0,Excess alcohol blood levels,0,0,0,0,0,0,0,0,0,0,0,0,0,0,0,0,0,0,0,0,0
2007,Persons,X45,Accidental poisoning by and exposure to alcohol,0,0,0,0,0,3,4,17,25,32,28,19,19,12,6,3,0,0,0,1,169
2007,Persons,X65,Intentional self-poisoning by and exposure to alcohol,0,0,0,0,0,0,1,0,0,2,0,0,0,0,0,0,0,0,0,0,3
2007,Persons,Y15,"Poisoning by and exposure to alcohol, undetermined intent",0,0,0,0,0,0,0,2,0,0,1,1,2,0,0,0,0,0,0,0,6
2007,Males,E24.4,Alcohol-induced pseudo-Cushing's syndrome,0,0,0,0,0,0,0,0,0,0,0,0,0,0,0,0,0,0,0,0,0
2007,Males,F10,Mental and behavioural disorders due to the use of alcohol,0,0,0,0,1,3,15,27,40,81,80,109,102,88,59,25,9,12,4,0,655
2007,Males,G31.2,Degeneration of nervous system due to alcohol,0,0,0,0,0,0,0,0,1,0,1,1,0,0,1,2,0,0,1,0,7
2007,Males,G62.1,Alcoholic polyneuropathy,0,0,0,0,0,0,0,0,0,0,0,0,0,0,0,0,0,0,0,1,1
2007,Males,G72.1,Alcoholic myopathy,0,0,0,0,0,0,0,0,0,0,0,0,1,0,0,0,0,0,0,0,1
2007,Males,I42.6,Alcoholic cardiomyopathy,0,0,0,0,0,0,0,0,11,3,6,15,19,8,9,3,4,2,1,0,81
2007,Males,K29.2,Alcoholic gastritis,0,0,0,0,0,0,0,1,1,1,1,3,1,2,0,0,0,0,0,0,10
2007,Males,K70,Alcoholic liver disease,1,0,0,0,0,5,27,77,190,391,501,623,645,547,373,208,106,55,18,2,3769
2007,Males,K85.2,Alcohol-induced acute pancreatitis,0,0,0,0,0,0,0,1,0,2,3,0,0,1,1,0,1,0,0,0,9
2007,Males,K86.0,Alcohol-induced chronic pancreatitis,0,0,0,0,0,1,0,2,7,8,3,8,6,6,2,0,1,0,2,0,46
2007,Males,Q86.0,Fetal alcohol syndrome (dysmorphic),0,0,0,0,0,0,0,0,0,0,0,0,0,0,0,0,0,0,0,0,0
2007,Males,R78.0,Excess alcohol blood levels,0,0,0,0,0,0,0,0,0,0,0,0,0,0,0,0,0,0,0,0,0
2007,Males,X45,Accidental poisoning by and exposure to alcohol,0,0,0,0,0,1,4,13,19,22,19,11,14,9,2,1,0,0,0,0,115
2007,Males,X65,Intentional self-poisoning by and exposure to alcohol,0,0,0,0,0,0,1,0,0,1,0,0,0,0,0,0,0,0,0,0,2
2007,Males,Y15,"Poisoning by and exposure to alcohol, undetermined intent",0,0,0,0,0,0,0,1,0,0,1,1,2,0,0,0,0,0,0,0,5
2007,Females,E24.4,Alcohol-induced pseudo-Cushing's syndrome,0,0,0,0,0,0,0,0,0,0,0,0,0,0,0,0,0,0,0,0,0
2007,Females,F10,Mental and behavioural disorders due to the use of alcohol,0,0,0,0,0,2,7,20,21,34,34,48,42,32,32,9,5,5,1,1,293
2007,Females,G31.2,Degeneration of nervous system due to alcohol,0,0,0,0,0,0,0,0,0,1,1,0,2,0,0,0,0,0,0,0,4
2007,Females,G62.1,Alcoholic polyneuropathy,0,0,0,0,0,0,0,0,0,0,0,0,0,0,0,0,0,0,0,0,0
2007,Females,G72.1,Alcoholic myopathy,0,0,0,0,0,0,0,0,0,0,0,0,0,0,0,0,0,0,0,0,0
2007,Females,I42.6,Alcoholic cardiomyopathy,0,0,0,0,0,0,0,0,1,3,1,2,2,3,0,0,0,0,0,0,12
2007,Females,K29.2,Alcoholic gastritis,0,0,0,0,0,0,0,0,0,0,1,3,1,0,0,0,0,0,0,0,5
2007,Females,K70,Alcoholic liver disease,0,0,0,0,0,2,20,44,111,211,272,316,290,282,148,97,51,19,6,0,1869
2007,Females,K85.2,Alcohol-induced acute pancreatitis,0,0,0,0,0,0,0,2,0,1,1,0,1,1,0,0,0,0,0,0,6
2007,Females,K86.0,Alcohol-induced chronic pancreatitis,0,0,0,0,0,0,0,1,1,4,2,1,1,2,1,0,0,1,0,0,14
2007,Females,Q86.0,Fetal alcohol syndrome (dysmorphic),0,0,0,0,0,0,0,0,0,0,0,0,0,0,0,0,0,0,0,0,0
2007,Females,R78.0,Excess alcohol blood levels,0,0,0,0,0,0,0,0,0,0,0,0,0,0,0,0,0,0,0,0,0
2007,Females,X45,Accidental poisoning by and exposure to alcohol,0,0,0,0,0,2,0,4,6,10,9,8,5,3,4,2,0,0,0,1,54
2007,Females,X65,Intentional self-poisoning by and exposure to alcohol,0,0,0,0,0,0,0,0,0,1,0,0,0,0,0,0,0,0,0,0,1
2007,Females,Y15,"Poisoning by and exposure to alcohol, undetermined intent",0,0,0,0,0,0,0,1,0,0,0,0,0,0,0,0,0,0,0,0,1
2006,Persons,E24.4,Alcohol-induced pseudo-Cushing's syndrome,0,0,0,0,0,0,0,0,0,0,0,0,0,0,0,0,0,0,0,0,0
2006,Persons,F10,Mental and behavioural disorders due to the use of alcohol,0,0,0,1,3,4,17,33,89,114,147,130,173,125,78,44,23,12,7,2,1002
2006,Persons,G31.2,Degeneration of nervous system due to alcohol,0,0,0,0,0,0,0,0,0,0,1,2,2,2,2,0,1,2,0,0,12
2006,Persons,G62.1,Alcoholic polyneuropathy,0,0,0,0,0,0,0,0,0,0,0,1,0,0,0,0,0,0,0,0,1
2006,Persons,G72.1,Alcoholic myopathy,0,0,0,0,0,0,0,0,0,0,1,1,0,1,0,0,0,0,0,0,3
2006,Persons,I42.6,Alcoholic cardiomyopathy,0,0,0,0,0,0,3,1,6,8,12,17,15,16,8,10,3,0,0,0,99
2006,Persons,K29.2,Alcoholic gastritis,0,0,0,0,0,0,0,2,0,0,2,2,0,1,1,1,0,0,0,0,9
2006,Persons,K70,Alcoholic liver disease,0,0,0,0,0,7,48,115,344,587,827,897,914,764,517,310,161,67,19,2,5579
2006,Persons,K85.2,Alcohol-induced acute pancreatitis,0,0,0,0,0,0,0,1,0,2,0,0,0,2,1,1,0,0,0,0,7
2006,Persons,K86.0,Alcohol-induced chronic pancreatitis,0,0,0,0,0,0,1,4,3,3,10,13,8,5,4,2,0,1,1,0,55
2006,Persons,Q86.0,Fetal alcohol syndrome (dysmorphic),0,0,0,0,0,0,0,0,0,0,0,0,0,0,0,0,0,0,0,0,0
2006,Persons,R78.0,Excess alcohol blood levels,0,0,0,0,0,0,0,0,0,0,0,0,0,0,0,0,0,0,0,0,0
2006,Persons,X45,Accidental poisoning by and exposure to alcohol,0,0,0,0,1,4,7,10,14,33,32,21,17,11,9,2,1,0,0,0,162
2006,Persons,X65,Intentional self-poisoning by and exposure to alcohol,0,0,0,0,0,0,0,0,0,1,0,1,2,0,1,0,0,0,0,0,5
2006,Persons,Y15,"Poisoning by and exposure to alcohol, undetermined intent",0,0,0,0,0,0,0,1,0,1,1,0,0,0,0,1,0,0,0,0,4
2006,Males,E24.4,Alcohol-induced pseudo-Cushing's syndrome,0,0,0,0,0,0,0,0,0,0,0,0,0,0,0,0,0,0,0,0,0
2006,Males,F10,Mental and behavioural disorders due to the use of alcohol,0,0,0,0,2,4,14,29,70,79,101,88,115,88,55,34,17,8,4,1,709
2006,Males,G31.2,Degeneration of nervous system due to alcohol,0,0,0,0,0,0,0,0,0,0,1,2,1,2,2,0,1,2,0,0,11
2006,Males,G62.1,Alcoholic polyneuropathy,0,0,0,0,0,0,0,0,0,0,0,1,0,0,0,0,0,0,0,0,1
2006,Males,G72.1,Alcoholic myopathy,0,0,0,0,0,0,0,0,0,0,1,1,0,1,0,0,0,0,0,0,3
2006,Males,I42.6,Alcoholic cardiomyopathy,0,0,0,0,0,0,2,1,6,7,9,15,12,16,8,9,2,0,0,0,87
2006,Males,K29.2,Alcoholic gastritis,0,0,0,0,0,0,0,1,0,0,1,2,0,1,1,1,0,0,0,0,7
2006,Males,K70,Alcoholic liver disease,0,0,0,0,0,4,28,76,226,381,536,612,605,512,362,211,103,45,15,2,3718
2006,Males,K85.2,Alcohol-induced acute pancreatitis,0,0,0,0,0,0,0,0,0,2,0,0,0,2,0,1,0,0,0,0,5
2006,Males,K86.0,Alcohol-induced chronic pancreatitis,0,0,0,0,0,0,0,4,2,3,7,12,7,4,3,1,0,1,1,0,45
2006,Males,Q86.0,Fetal alcohol syndrome (dysmorphic),0,0,0,0,0,0,0,0,0,0,0,0,0,0,0,0,0,0,0,0,0
2006,Males,R78.0,Excess alcohol blood levels,0,0,0,0,0,0,0,0,0,0,0,0,0,0,0,0,0,0,0,0,0
2006,Males,X45,Accidental poisoning by and exposure to alcohol,0,0,0,0,0,3,4,8,11,18,22,15,10,6,7,1,1,0,0,0,106
2006,Males,X65,Intentional self-poisoning by and exposure to alcohol,0,0,0,0,0,0,0,0,0,1,0,1,2,0,0,0,0,0,0,0,4
2006,Males,Y15,"Poisoning by and exposure to alcohol, undetermined intent",0,0,0,0,0,0,0,1,0,1,1,0,0,0,0,1,0,0,0,0,4
2006,Females,E24.4,Alcohol-induced pseudo-Cushing's syndrome,0,0,0,0,0,0,0,0,0,0,0,0,0,0,0,0,0,0,0,0,0
2006,Females,F10,Mental and behavioural disorders due to the use of alcohol,0,0,0,1,1,0,3,4,19,35,46,42,58,37,23,10,6,4,3,1,293
2006,Females,G31.2,Degeneration of nervous system due to alcohol,0,0,0,0,0,0,0,0,0,0,0,0,1,0,0,0,0,0,0,0,1
2006,Females,G62.1,Alcoholic polyneuropathy,0,0,0,0,0,0,0,0,0,0,0,0,0,0,0,0,0,0,0,0,0
2006,Females,G72.1,Alcoholic myopathy,0,0,0,0,0,0,0,0,0,0,0,0,0,0,0,0,0,0,0,0,0
2006,Females,I42.6,Alcoholic cardiomyopathy,0,0,0,0,0,0,1,0,0,1,3,2,3,0,0,1,1,0,0,0,12
2006,Females,K29.2,Alcoholic gastritis,0,0,0,0,0,0,0,1,0,0,1,0,0,0,0,0,0,0,0,0,2
2006,Females,K70,Alcoholic liver disease,0,0,0,0,0,3,20,39,118,206,291,285,309,252,155,99,58,22,4,0,1861
2006,Females,K85.2,Alcohol-induced acute pancreatitis,0,0,0,0,0,0,0,1,0,0,0,0,0,0,1,0,0,0,0,0,2
2006,Females,K86.0,Alcohol-induced chronic pancreatitis,0,0,0,0,0,0,1,0,1,0,3,1,1,1,1,1,0,0,0,0,10
2006,Females,Q86.0,Fetal alcohol syndrome (dysmorphic),0,0,0,0,0,0,0,0,0,0,0,0,0,0,0,0,0,0,0,0,0
2006,Females,R78.0,Excess alcohol blood levels,0,0,0,0,0,0,0,0,0,0,0,0,0,0,0,0,0,0,0,0,0
2006,Females,X45,Accidental poisoning by and exposure to alcohol,0,0,0,0,1,1,3,2,3,15,10,6,7,5,2,1,0,0,0,0,56
2006,Females,X65,Intentional self-poisoning by and exposure to alcohol,0,0,0,0,0,0,0,0,0,0,0,0,0,0,1,0,0,0,0,0,1
2006,Females,Y15,"Poisoning by and exposure to alcohol, undetermined intent",0,0,0,0,0,0,0,0,0,0,0,0,0,0,0,0,0,0,0,0,0
2005,Persons,E24.4,Alcohol-induced pseudo-Cushing's syndrome,0,0,0,0,0,0,0,0,0,0,0,0,0,0,0,0,0,0,0,0,0
2005,Persons,F10,Mental and behavioural disorders due to the use of alcohol,0,0,0,0,3,8,12,49,71,104,162,147,161,111,75,46,24,12,10,1,996
2005,Persons,G31.2,Degeneration of nervous system due to alcohol,0,0,0,0,0,0,0,0,1,0,1,1,0,0,2,2,2,0,0,0,9
2005,Persons,G62.1,Alcoholic polyneuropathy,0,0,0,0,0,0,0,0,0,0,0,0,0,0,0,0,1,0,0,0,1
2005,Persons,G72.1,Alcoholic myopathy,0,0,0,0,0,0,0,0,0,0,0,0,0,0,0,1,0,0,0,0,1
2005,Persons,I42.6,Alcoholic cardiomyopathy,0,0,0,0,0,0,0,2,5,11,11,15,13,18,6,8,4,6,1,0,100
2005,Persons,K29.2,Alcoholic gastritis,0,0,0,0,0,0,0,0,0,0,0,0,1,2,2,0,0,0,0,0,5
2005,Persons,K70,Alcoholic liver disease,0,0,0,0,1,9,28,116,291,489,802,884,900,692,481,301,143,82,26,7,5252
2005,Persons,K85.2,Alcohol-induced acute pancreatitis,0,0,0,0,0,0,0,0,0,0,0,0,0,0,0,0,0,0,0,0,0
2005,Persons,K86.0,Alcohol-induced chronic pancreatitis,0,0,0,0,1,0,1,5,9,11,16,14,14,5,3,2,2,0,0,0,83
2005,Persons,Q86.0,Fetal alcohol syndrome (dysmorphic),0,0,0,0,0,0,0,0,0,0,0,0,0,0,0,0,0,0,0,0,0
2005,Persons,R78.0,Excess alcohol blood levels,0,0,0,0,0,0,0,0,0,0,0,0,0,0,0,0,0,0,0,0,0
2005,Persons,X45,Accidental poisoning by and exposure to alcohol,0,0,0,0,3,4,10,11,30,30,24,23,14,10,6,1,0,0,0,0,166
2005,Persons,X65,Intentional self-poisoning by and exposure to alcohol,0,0,0,0,0,0,0,0,0,0,0,0,0,0,0,0,1,0,1,0,2
2005,Persons,Y15,"Poisoning by and exposure to alcohol, undetermined intent",0,0,0,0,1,0,1,0,0,1,2,1,1,0,0,0,0,0,0,0,7
2005,Males,E24.4,Alcohol-induced pseudo-Cushing's syndrome,0,0,0,0,0,0,0,0,0,0,0,0,0,0,0,0,0,0,0,0,0
2005,Males,F10,Mental and behavioural disorders due to the use of alcohol,0,0,0,0,3,8,11,38,52,77,127,105,106,85,54,39,18,8,5,1,737
2005,Males,G31.2,Degeneration of nervous system due to alcohol,0,0,0,0,0,0,0,0,1,0,1,0,0,0,1,2,2,0,0,0,7
2005,Males,G62.1,Alcoholic polyneuropathy,0,0,0,0,0,0,0,0,0,0,0,0,0,0,0,0,1,0,0,0,1
2005,Males,G72.1,Alcoholic myopathy,0,0,0,0,0,0,0,0,0,0,0,0,0,0,0,1,0,0,0,0,1
2005,Males,I42.6,Alcoholic cardiomyopathy,0,0,0,0,0,0,0,2,4,9,9,11,12,16,5,5,3,5,1,0,82
2005,Males,K29.2,Alcoholic gastritis,0,0,0,0,0,0,0,0,0,0,0,0,0,1,1,0,0,0,0,0,2
2005,Males,K70,Alcoholic liver disease,0,0,0,0,0,4,13,74,175,320,512,593,604,489,323,219,97,61,17,4,3505
2005,Males,K85.2,Alcohol-induced acute pancreatitis,0,0,0,0,0,0,0,0,0,0,0,0,0,0,0,0,0,0,0,0,0
2005,Males,K86.0,Alcohol-induced chronic pancreatitis,0,0,0,0,1,0,0,5,8,9,14,13,10,5,2,0,1,0,0,0,68
2005,Males,Q86.0,Fetal alcohol syndrome (dysmorphic),0,0,0,0,0,0,0,0,0,0,0,0,0,0,0,0,0,0,0,0,0
2005,Males,R78.0,Excess alcohol blood levels,0,0,0,0,0,0,0,0,0,0,0,0,0,0,0,0,0,0,0,0,0
2005,Males,X45,Accidental poisoning by and exposure to alcohol,0,0,0,0,3,3,7,6,23,16,15,16,9,6,4,1,0,0,0,0,109
2005,Males,X65,Intentional self-poisoning by and exposure to alcohol,0,0,0,0,0,0,0,0,0,0,0,0,0,0,0,0,1,0,1,0,2
2005,Males,Y15,"Poisoning by and exposure to alcohol, undetermined intent",0,0,0,0,1,0,1,0,0,1,2,0,1,0,0,0,0,0,0,0,6
2005,Females,E24.4,Alcohol-induced pseudo-Cushing's syndrome,0,0,0,0,0,0,0,0,0,0,0,0,0,0,0,0,0,0,0,0,0
2005,Females,F10,Mental and behavioural disorders due to the use of alcohol,0,0,0,0,0,0,1,11,19,27,35,42,55,26,21,7,6,4,5,0,259
2005,Females,G31.2,Degeneration of nervous system due to alcohol,0,0,0,0,0,0,0,0,0,0,0,1,0,0,1,0,0,0,0,0,2
2005,Females,G62.1,Alcoholic polyneuropathy,0,0,0,0,0,0,0,0,0,0,0,0,0,0,0,0,0,0,0,0,0
2005,Females,G72.1,Alcoholic myopathy,0,0,0,0,0,0,0,0,0,0,0,0,0,0,0,0,0,0,0,0,0
2005,Females,I42.6,Alcoholic cardiomyopathy,0,0,0,0,0,0,0,0,1,2,2,4,1,2,1,3,1,1,0,0,18
2005,Females,K29.2,Alcoholic gastritis,0,0,0,0,0,0,0,0,0,0,0,0,1,1,1,0,0,0,0,0,3
2005,Females,K70,Alcoholic liver disease,0,0,0,0,1,5,15,42,116,169,290,291,296,203,158,82,46,21,9,3,1747
2005,Females,K85.2,Alcohol-induced acute pancreatitis,0,0,0,0,0,0,0,0,0,0,0,0,0,0,0,0,0,0,0,0,0
2005,Females,K86.0,Alcohol-induced chronic pancreatitis,0,0,0,0,0,0,1,0,1,2,2,1,4,0,1,2,1,0,0,0,15
2005,Females,Q86.0,Fetal alcohol syndrome (dysmorphic),0,0,0,0,0,0,0,0,0,0,0,0,0,0,0,0,0,0,0,0,0
2005,Females,R78.0,Excess alcohol blood levels,0,0,0,0,0,0,0,0,0,0,0,0,0,0,0,0,0,0,0,0,0
2005,Females,X45,Accidental poisoning by and exposure to alcohol,0,0,0,0,0,1,3,5,7,14,9,7,5,4,2,0,0,0,0,0,57
2005,Females,X65,Intentional self-poisoning by and exposure to alcohol,0,0,0,0,0,0,0,0,0,0,0,0,0,0,0,0,0,0,0,0,0
2005,Females,Y15,"Poisoning by and exposure to alcohol, undetermined intent",0,0,0,0,0,0,0,0,0,0,0,1,0,0,0,0,0,0,0,0,1
2004,Persons,E24.4,Alcohol-induced pseudo-Cushing's syndrome,0,0,0,0,0,0,0,0,0,0,0,0,0,0,0,0,0,0,0,0,0
2004,Persons,F10,Mental and behavioural disorders due to the use of alcohol,0,0,0,0,3,8,17,37,86,122,144,138,146,118,72,47,26,15,8,1,988
2004,Persons,G31.2,Degeneration of nervous system due to alcohol,0,0,0,0,0,0,1,0,1,1,1,2,3,1,4,0,2,0,0,0,16
2004,Persons,G62.1,Alcoholic polyneuropathy,0,0,0,0,0,0,0,0,0,0,0,0,0,0,0,0,0,0,0,0,0
2004,Persons,G72.1,Alcoholic myopathy,0,0,0,0,0,0,0,0,0,0,0,1,0,0,0,0,0,0,0,0,1
2004,Persons,I42.6,Alcoholic cardiomyopathy,0,0,0,0,0,0,3,5,5,13,12,17,24,17,9,5,5,1,0,0,116
2004,Persons,K29.2,Alcoholic gastritis,0,0,0,0,0,0,0,0,0,0,1,0,2,2,1,0,0,0,0,0,6
2004,Persons,K70,Alcoholic liver disease,0,0,0,0,0,4,39,114,294,517,719,825,824,653,497,307,154,73,18,3,5041
2004,Persons,K85.2,Alcohol-induced acute pancreatitis,0,0,0,0,0,0,0,0,0,0,0,0,0,0,0,0,0,0,0,0,0
2004,Persons,K86.0,Alcohol-induced chronic pancreatitis,0,0,0,0,0,0,2,3,8,5,10,11,6,6,4,3,2,0,0,0,60
2004,Persons,Q86.0,Fetal alcohol syndrome (dysmorphic),0,0,0,0,0,0,0,0,0,0,0,0,0,0,0,0,0,0,0,0,0
2004,Persons,R78.0,Excess alcohol blood levels,0,0,0,0,0,0,0,0,0,0,0,0,0,0,0,0,0,0,0,0,0
2004,Persons,X45,Accidental poisoning by and exposure to alcohol,0,0,0,0,1,3,6,11,24,26,29,26,10,8,0,4,0,1,0,0,149
2004,Persons,X65,Intentional self-poisoning by and exposure to alcohol,0,0,0,0,0,0,0,0,0,2,1,0,0,1,0,0,0,0,0,0,4
2004,Persons,Y15,"Poisoning by and exposure to alcohol, undetermined intent",0,0,0,0,0,0,0,0,1,1,1,0,1,0,0,0,1,0,0,0,5
2004,Males,E24.4,Alcohol-induced pseudo-Cushing's syndrome,0,0,0,0,0,0,0,0,0,0,0,0,0,0,0,0,0,0,0,0,0
2004,Males,F10,Mental and behavioural disorders due to the use of alcohol,0,0,0,0,2,7,12,28,55,85,107,92,102,89,58,38,22,12,5,0,714
2004,Males,G31.2,Degeneration of nervous system due to alcohol,0,0,0,0,0,0,1,0,1,0,0,1,2,1,4,0,1,0,0,0,11
2004,Males,G62.1,Alcoholic polyneuropathy,0,0,0,0,0,0,0,0,0,0,0,0,0,0,0,0,0,0,0,0,0
2004,Males,G72.1,Alcoholic myopathy,0,0,0,0,0,0,0,0,0,0,0,0,0,0,0,0,0,0,0,0,0
2004,Males,I42.6,Alcoholic cardiomyopathy,0,0,0,0,0,0,3,5,5,10,10,14,17,16,9,4,5,1,0,0,99
2004,Males,K29.2,Alcoholic gastritis,0,0,0,0,0,0,0,0,0,0,0,0,1,2,1,0,0,0,0,0,4
2004,Males,K70,Alcoholic liver disease,0,0,0,0,0,3,24,72,177,352,477,536,560,437,335,199,98,48,9,2,3329
2004,Males,K85.2,Alcohol-induced acute pancreatitis,0,0,0,0,0,0,0,0,0,0,0,0,0,0,0,0,0,0,0,0,0
2004,Males,K86.0,Alcohol-induced chronic pancreatitis,0,0,0,0,0,0,2,3,6,2,8,9,6,3,4,2,2,0,0,0,47
2004,Males,Q86.0,Fetal alcohol syndrome (dysmorphic),0,0,0,0,0,0,0,0,0,0,0,0,0,0,0,0,0,0,0,0,0
2004,Males,R78.0,Excess alcohol blood levels,0,0,0,0,0,0,0,0,0,0,0,0,0,0,0,0,0,0,0,0,0
2004,Males,X45,Accidental poisoning by and exposure to alcohol,0,0,0,0,1,3,5,11,17,14,18,19,6,5,0,3,0,0,0,0,102
2004,Males,X65,Intentional self-poisoning by and exposure to alcohol,0,0,0,0,0,0,0,0,0,2,1,0,0,1,0,0,0,0,0,0,4
2004,Males,Y15,"Poisoning by and exposure to alcohol, undetermined intent",0,0,0,0,0,0,0,0,1,1,0,0,1,0,0,0,1,0,0,0,4
2004,Females,E24.4,Alcohol-induced pseudo-Cushing's syndrome,0,0,0,0,0,0,0,0,0,0,0,0,0,0,0,0,0,0,0,0,0
2004,Females,F10,Mental and behavioural disorders due to the use of alcohol,0,0,0,0,1,1,5,9,31,37,37,46,44,29,14,9,4,3,3,1,274
2004,Females,G31.2,Degeneration of nervous system due to alcohol,0,0,0,0,0,0,0,0,0,1,1,1,1,0,0,0,1,0,0,0,5
2004,Females,G62.1,Alcoholic polyneuropathy,0,0,0,0,0,0,0,0,0,0,0,0,0,0,0,0,0,0,0,0,0
2004,Females,G72.1,Alcoholic myopathy,0,0,0,0,0,0,0,0,0,0,0,1,0,0,0,0,0,0,0,0,1
2004,Females,I42.6,Alcoholic cardiomyopathy,0,0,0,0,0,0,0,0,0,3,2,3,7,1,0,1,0,0,0,0,17
2004,Females,K29.2,Alcoholic gastritis,0,0,0,0,0,0,0,0,0,0,1,0,1,0,0,0,0,0,0,0,2
2004,Females,K70,Alcoholic liver disease,0,0,0,0,0,1,15,42,117,165,242,289,264,216,162,108,56,25,9,1,1712
2004,Females,K85.2,Alcohol-induced acute pancreatitis,0,0,0,0,0,0,0,0,0,0,0,0,0,0,0,0,0,0,0,0,0
2004,Females,K86.0,Alcohol-induced chronic pancreatitis,0,0,0,0,0,0,0,0,2,3,2,2,0,3,0,1,0,0,0,0,13
2004,Females,Q86.0,Fetal alcohol syndrome (dysmorphic),0,0,0,0,0,0,0,0,0,0,0,0,0,0,0,0,0,0,0,0,0
2004,Females,R78.0,Excess alcohol blood levels,0,0,0,0,0,0,0,0,0,0,0,0,0,0,0,0,0,0,0,0,0
2004,Females,X45,Accidental poisoning by and exposure to alcohol,0,0,0,0,0,0,1,0,7,12,11,7,4,3,0,1,0,1,0,0,47
2004,Females,X65,Intentional self-poisoning by and exposure to alcohol,0,0,0,0,0,0,0,0,0,0,0,0,0,0,0,0,0,0,0,0,0
2004,Females,Y15,"Poisoning by and exposure to alcohol, undetermined intent",0,0,0,0,0,0,0,0,0,0,1,0,0,0,0,0,0,0,0,0,1
2003,Persons,E24.4,Alcohol-induced pseudo-Cushing's syndrome,0,0,0,0,0,0,0,0,0,0,0,0,0,0,0,0,0,0,0,0,0
2003,Persons,F10,Mental and behavioural disorders due to the use of alcohol,0,0,0,1,1,4,12,31,66,95,132,141,122,106,61,41,29,16,7,1,866
2003,Persons,G31.2,Degeneration of nervous system due to alcohol,0,0,0,0,0,0,0,0,0,2,1,0,2,2,8,2,0,0,0,0,17
2003,Persons,G62.1,Alcoholic polyneuropathy,0,0,0,0,0,0,0,0,0,0,0,1,0,0,0,0,0,0,0,1,2
2003,Persons,G72.1,Alcoholic myopathy,0,0,0,0,0,0,0,0,0,0,0,0,0,0,0,0,0,0,0,0,0
2003,Persons,I42.6,Alcoholic cardiomyopathy,0,0,0,0,0,0,1,1,4,6,12,19,22,22,11,9,6,1,2,0,116
2003,Persons,K29.2,Alcoholic gastritis,0,0,0,0,0,0,0,0,0,0,1,1,1,1,1,0,0,0,0,0,5
2003,Persons,K70,Alcoholic liver disease,0,0,0,0,0,8,44,123,327,524,711,815,835,637,491,295,164,60,14,4,5052
2003,Persons,K85.2,Alcohol-induced acute pancreatitis,0,0,0,0,0,0,0,0,0,0,0,0,0,0,0,0,0,0,0,0,0
2003,Persons,K86.0,Alcohol-induced chronic pancreatitis,0,0,0,0,0,0,0,3,2,1,9,12,7,5,5,1,1,1,0,0,47
2003,Persons,Q86.0,Fetal alcohol syndrome (dysmorphic),1,0,0,0,0,0,0,0,0,0,0,0,0,0,0,0,0,0,0,0,1
2003,Persons,R78.0,Excess alcohol blood levels,0,0,0,0,0,0,0,0,0,0,0,0,0,0,0,0,0,0,0,0,0
2003,Persons,X45,Accidental poisoning by and exposure to alcohol,0,0,0,0,4,4,7,11,21,24,20,23,9,11,1,3,2,1,0,0,141
2003,Persons,X65,Intentional self-poisoning by and exposure to alcohol,0,0,0,0,0,0,0,0,2,1,0,0,0,0,0,0,0,0,0,0,3
2003,Persons,Y15,"Poisoning by and exposure to alcohol, undetermined intent",0,0,0,0,1,0,0,0,2,0,1,0,1,0,0,0,0,0,0,0,5
2003,Males,E24.4,Alcohol-induced pseudo-Cushing's syndrome,0,0,0,0,0,0,0,0,0,0,0,0,0,0,0,0,0,0,0,0,0
2003,Males,F10,Mental and behavioural disorders due to the use of alcohol,0,0,0,1,1,2,6,22,45,69,96,102,88,79,45,35,20,13,4,0,628
2003,Males,G31.2,Degeneration of nervous system due to alcohol,0,0,0,0,0,0,0,0,0,2,1,0,1,2,7,2,0,0,0,0,15
2003,Males,G62.1,Alcoholic polyneuropathy,0,0,0,0,0,0,0,0,0,0,0,1,0,0,0,0,0,0,0,0,1
2003,Males,G72.1,Alcoholic myopathy,0,0,0,0,0,0,0,0,0,0,0,0,0,0,0,0,0,0,0,0,0
2003,Males,I42.6,Alcoholic cardiomyopathy,0,0,0,0,0,0,1,0,3,6,9,16,21,20,9,8,5,1,2,0,101
2003,Males,K29.2,Alcoholic gastritis,0,0,0,0,0,0,0,0,0,0,0,1,0,0,1,0,0,0,0,0,2
2003,Males,K70,Alcoholic liver disease,0,0,0,0,0,6,30,79,215,350,495,574,569,433,332,197,108,40,5,3,3436
2003,Males,K85.2,Alcohol-induced acute pancreatitis,0,0,0,0,0,0,0,0,0,0,0,0,0,0,0,0,0,0,0,0,0
2003,Males,K86.0,Alcohol-induced chronic pancreatitis,0,0,0,0,0,0,0,2,1,1,6,8,5,4,4,1,0,1,0,0,33
2003,Males,Q86.0,Fetal alcohol syndrome (dysmorphic),1,0,0,0,0,0,0,0,0,0,0,0,0,0,0,0,0,0,0,0,1
2003,Males,R78.0,Excess alcohol blood levels,0,0,0,0,0,0,0,0,0,0,0,0,0,0,0,0,0,0,0,0,0
2003,Males,X45,Accidental poisoning by and exposure to alcohol,0,0,0,0,2,4,4,8,17,20,13,15,7,6,1,0,0,0,0,0,97
2003,Males,X65,Intentional self-poisoning by and exposure to alcohol,0,0,0,0,0,0,0,0,2,1,0,0,0,0,0,0,0,0,0,0,3
2003,Males,Y15,"Poisoning by and exposure to alcohol, undetermined intent",0,0,0,0,0,0,0,0,2,0,1,0,1,0,0,0,0,0,0,0,4
2003,Females,E24.4,Alcohol-induced pseudo-Cushing's syndrome,0,0,0,0,0,0,0,0,0,0,0,0,0,0,0,0,0,0,0,0,0
2003,Females,F10,Mental and behavioural disorders due to the use of alcohol,0,0,0,0,0,2,6,9,21,26,36,39,34,27,16,6,9,3,3,1,238
2003,Females,G31.2,Degeneration of nervous system due to alcohol,0,0,0,0,0,0,0,0,0,0,0,0,1,0,1,0,0,0,0,0,2
2003,Females,G62.1,Alcoholic polyneuropathy,0,0,0,0,0,0,0,0,0,0,0,0,0,0,0,0,0,0,0,1,1
2003,Females,G72.1,Alcoholic myopathy,0,0,0,0,0,0,0,0,0,0,0,0,0,0,0,0,0,0,0,0,0
2003,Females,I42.6,Alcoholic cardiomyopathy,0,0,0,0,0,0,0,1,1,0,3,3,1,2,2,1,1,0,0,0,15
2003,Females,K29.2,Alcoholic gastritis,0,0,0,0,0,0,0,0,0,0,1,0,1,1,0,0,0,0,0,0,3
2003,Females,K70,Alcoholic liver disease,0,0,0,0,0,2,14,44,112,174,216,241,266,204,159,98,56,20,9,1,1616
2003,Females,K85.2,Alcohol-induced acute pancreatitis,0,0,0,0,0,0,0,0,0,0,0,0,0,0,0,0,0,0,0,0,0
2003,Females,K86.0,Alcohol-induced chronic pancreatitis,0,0,0,0,0,0,0,1,1,0,3,4,2,1,1,0,1,0,0,0,14
2003,Females,Q86.0,Fetal alcohol syndrome (dysmorphic),0,0,0,0,0,0,0,0,0,0,0,0,0,0,0,0,0,0,0,0,0
2003,Females,R78.0,Excess alcohol blood levels,0,0,0,0,0,0,0,0,0,0,0,0,0,0,0,0,0,0,0,0,0
2003,Females,X45,Accidental poisoning by and exposure to alcohol,0,0,0,0,2,0,3,3,4,4,7,8,2,5,0,3,2,1,0,0,44
2003,Females,X65,Intentional self-poisoning by and exposure to alcohol,0,0,0,0,0,0,0,0,0,0,0,0,0,0,0,0,0,0,0,0,0
2003,Females,Y15,"Poisoning by and exposure to alcohol, undetermined intent",0,0,0,0,1,0,0,0,0,0,0,0,0,0,0,0,0,0,0,0,1
2002,Persons,E24.4,Alcohol-induced pseudo-Cushing's syndrome,0,0,0,0,0,0,0,0,0,0,0,0,0,0,0,0,0,0,0,0,0
2002,Persons,F10,Mental and behavioural disorders due to the use of alcohol,0,0,0,0,2,6,26,41,53,95,126,134,139,107,61,35,23,11,9,3,871
2002,Persons,G31.2,Degeneration of nervous system due to alcohol,0,0,0,0,0,0,0,0,1,0,3,3,0,1,2,1,0,0,1,0,12
2002,Persons,G62.1,Alcoholic polyneuropathy,0,0,0,0,0,0,0,0,0,0,0,0,0,0,0,0,0,0,0,0,0
2002,Persons,G72.1,Alcoholic myopathy,0,0,0,0,0,0,0,0,0,0,0,0,0,0,0,0,0,0,0,0,0
2002,Persons,I42.6,Alcoholic cardiomyopathy,0,0,0,0,0,0,0,5,6,12,21,25,23,25,12,8,7,3,3,1,151
2002,Persons,K29.2,Alcoholic gastritis,0,0,0,0,0,0,0,1,0,1,0,1,0,1,0,1,1,1,0,0,7
2002,Persons,K70,Alcoholic liver disease,0,0,0,0,0,4,32,120,276,523,700,780,705,578,461,282,144,68,19,6,4698
2002,Persons,K85.2,Alcohol-induced acute pancreatitis,0,0,0,0,0,0,0,0,0,0,0,0,0,0,0,0,0,0,0,0,0
2002,Persons,K86.0,Alcohol-induced chronic pancreatitis,0,0,0,0,0,0,1,0,3,5,5,9,7,4,4,2,0,2,1,0,43
2002,Persons,Q86.0,Fetal alcohol syndrome (dysmorphic),2,0,0,0,0,0,0,0,0,0,0,0,0,0,0,0,0,0,0,0,2
2002,Persons,R78.0,Excess alcohol blood levels,0,0,0,0,0,0,0,0,0,0,0,0,0,0,0,0,0,0,0,0,0
2002,Persons,X45,Accidental poisoning by and exposure to alcohol,0,0,0,0,1,7,5,12,18,23,20,19,5,10,4,1,1,0,0,0,126
2002,Persons,X65,Intentional self-poisoning by and exposure to alcohol,0,0,0,0,0,0,1,0,0,0,1,1,0,0,0,0,0,0,0,0,3
2002,Persons,Y15,"Poisoning by and exposure to alcohol, undetermined intent",0,0,0,0,0,0,0,0,0,0,0,1,1,0,0,0,0,0,0,0,2
2002,Males,E24.4,Alcohol-induced pseudo-Cushing's syndrome,0,0,0,0,0,0,0,0,0,0,0,0,0,0,0,0,0,0,0,0,0
2002,Males,F10,Mental and behavioural disorders due to the use of alcohol,0,0,0,0,2,5,20,31,36,67,93,101,101,77,34,27,16,6,8,3,627
2002,Males,G31.2,Degeneration of nervous system due to alcohol,0,0,0,0,0,0,0,0,1,0,2,3,0,1,1,1,0,0,1,0,10
2002,Males,G62.1,Alcoholic polyneuropathy,0,0,0,0,0,0,0,0,0,0,0,0,0,0,0,0,0,0,0,0,0
2002,Males,G72.1,Alcoholic myopathy,0,0,0,0,0,0,0,0,0,0,0,0,0,0,0,0,0,0,0,0,0
2002,Males,I42.6,Alcoholic cardiomyopathy,0,0,0,0,0,0,0,4,4,8,13,21,22,19,9,6,6,2,3,1,118
2002,Males,K29.2,Alcoholic gastritis,0,0,0,0,0,0,0,1,0,1,0,1,0,1,0,0,1,1,0,0,6
2002,Males,K70,Alcoholic liver disease,0,0,0,0,0,3,25,87,184,342,466,513,479,398,315,195,98,40,11,4,3160
2002,Males,K85.2,Alcohol-induced acute pancreatitis,0,0,0,0,0,0,0,0,0,0,0,0,0,0,0,0,0,0,0,0,0
2002,Males,K86.0,Alcohol-induced chronic pancreatitis,0,0,0,0,0,0,1,0,2,4,4,7,7,4,3,0,0,1,0,0,33
2002,Males,Q86.0,Fetal alcohol syndrome (dysmorphic),0,0,0,0,0,0,0,0,0,0,0,0,0,0,0,0,0,0,0,0,0
2002,Males,R78.0,Excess alcohol blood levels,0,0,0,0,0,0,0,0,0,0,0,0,0,0,0,0,0,0,0,0,0
2002,Males,X45,Accidental poisoning by and exposure to alcohol,0,0,0,0,1,6,2,10,17,15,9,11,3,3,2,0,1,0,0,0,80
2002,Males,X65,Intentional self-poisoning by and exposure to alcohol,0,0,0,0,0,0,0,0,0,0,1,0,0,0,0,0,0,0,0,0,1
2002,Males,Y15,"Poisoning by and exposure to alcohol, undetermined intent",0,0,0,0,0,0,0,0,0,0,0,1,1,0,0,0,0,0,0,0,2
2002,Females,E24.4,Alcohol-induced pseudo-Cushing's syndrome,0,0,0,0,0,0,0,0,0,0,0,0,0,0,0,0,0,0,0,0,0
2002,Females,F10,Mental and behavioural disorders due to the use of alcohol,0,0,0,0,0,1,6,10,17,28,33,33,38,30,27,8,7,5,1,0,244
2002,Females,G31.2,Degeneration of nervous system due to alcohol,0,0,0,0,0,0,0,0,0,0,1,0,0,0,1,0,0,0,0,0,2
2002,Females,G62.1,Alcoholic polyneuropathy,0,0,0,0,0,0,0,0,0,0,0,0,0,0,0,0,0,0,0,0,0
2002,Females,G72.1,Alcoholic myopathy,0,0,0,0,0,0,0,0,0,0,0,0,0,0,0,0,0,0,0,0,0
2002,Females,I42.6,Alcoholic cardiomyopathy,0,0,0,0,0,0,0,1,2,4,8,4,1,6,3,2,1,1,0,0,33
2002,Females,K29.2,Alcoholic gastritis,0,0,0,0,0,0,0,0,0,0,0,0,0,0,0,1,0,0,0,0,1
2002,Females,K70,Alcoholic liver disease,0,0,0,0,0,1,7,33,92,181,234,267,226,180,146,87,46,28,8,2,1538
2002,Females,K85.2,Alcohol-induced acute pancreatitis,0,0,0,0,0,0,0,0,0,0,0,0,0,0,0,0,0,0,0,0,0
2002,Females,K86.0,Alcohol-induced chronic pancreatitis,0,0,0,0,0,0,0,0,1,1,1,2,0,0,1,2,0,1,1,0,10
2002,Females,Q86.0,Fetal alcohol syndrome (dysmorphic),2,0,0,0,0,0,0,0,0,0,0,0,0,0,0,0,0,0,0,0,2
2002,Females,R78.0,Excess alcohol blood levels,0,0,0,0,0,0,0,0,0,0,0,0,0,0,0,0,0,0,0,0,0
2002,Females,X45,Accidental poisoning by and exposure to alcohol,0,0,0,0,0,1,3,2,1,8,11,8,2,7,2,1,0,0,0,0,46
2002,Females,X65,Intentional self-poisoning by and exposure to alcohol,0,0,0,0,0,0,1,0,0,0,0,1,0,0,0,0,0,0,0,0,2
2002,Females,Y15,"Poisoning by and exposure to alcohol, undetermined intent",0,0,0,0,0,0,0,0,0,0,0,0,0,0,0,0,0,0,0,0,0
2001,Persons,E24.4,Alcohol-induced pseudo-Cushing's syndrome,0,0,0,0,0,0,0,0,0,0,0,0,0,0,0,0,0,0,0,0,0
2001,Persons,F10,Mental and behavioural disorders due to the use of alcohol,0,0,0,1,7,7,22,36,79,101,133,159,126,101,78,41,21,9,7,2,930
2001,Persons,G31.2,Degeneration of nervous system due to alcohol,0,0,0,0,0,0,0,0,0,0,2,1,2,2,0,3,2,0,0,0,12
2001,Persons,G62.1,Alcoholic polyneuropathy,0,0,0,0,0,0,0,0,0,0,0,0,0,0,1,0,0,0,0,0,1
2001,Persons,G72.1,Alcoholic myopathy,0,0,0,0,0,0,0,0,0,0,0,0,0,0,0,0,0,0,0,0,0
2001,Persons,I42.6,Alcoholic cardiomyopathy,0,0,0,0,0,0,1,3,6,19,15,22,21,10,16,3,6,2,0,1,125
2001,Persons,K29.2,Alcoholic gastritis,0,0,0,0,0,0,0,0,0,0,2,1,0,1,1,0,0,0,1,0,6
2001,Persons,K70,Alcoholic liver disease,0,0,0,0,0,4,33,127,259,472,666,806,658,536,393,241,160,56,21,2,4434
2001,Persons,K85.2,Alcohol-induced acute pancreatitis,0,0,0,0,0,0,0,0,0,0,0,0,0,0,0,0,0,0,0,0,0
2001,Persons,K86.0,Alcohol-induced chronic pancreatitis,0,0,0,0,0,0,1,4,4,4,4,9,4,4,1,0,0,3,0,0,38
2001,Persons,Q86.0,Fetal alcohol syndrome (dysmorphic),0,0,0,0,0,0,0,0,0,0,0,0,0,0,0,0,0,0,0,0,0
2001,Persons,R78.0,Excess alcohol blood levels,0,0,0,0,0,0,0,0,0,0,0,0,0,0,0,0,0,0,0,0,0
2001,Persons,X45,Accidental poisoning by and exposure to alcohol,0,0,0,0,4,5,3,19,27,24,24,12,15,9,7,1,2,0,0,0,152
2001,Persons,X65,Intentional self-poisoning by and exposure to alcohol,0,0,0,0,0,0,0,0,1,0,0,0,0,0,0,0,0,0,0,0,1
2001,Persons,Y15,"Poisoning by and exposure to alcohol, undetermined intent",0,0,0,0,0,0,0,0,0,0,0,1,0,0,0,0,0,0,1,0,2
2001,Males,E24.4,Alcohol-induced pseudo-Cushing's syndrome,0,0,0,0,0,0,0,0,0,0,0,0,0,0,0,0,0,0,0,0,0
2001,Males,F10,Mental and behavioural disorders due to the use of alcohol,0,0,0,0,6,7,19,29,57,65,93,108,87,77,56,28,16,6,4,0,658
2001,Males,G31.2,Degeneration of nervous system due to alcohol,0,0,0,0,0,0,0,0,0,0,1,1,2,2,0,2,2,0,0,0,10
2001,Males,G62.1,Alcoholic polyneuropathy,0,0,0,0,0,0,0,0,0,0,0,0,0,0,1,0,0,0,0,0,1
2001,Males,G72.1,Alcoholic myopathy,0,0,0,0,0,0,0,0,0,0,0,0,0,0,0,0,0,0,0,0,0
2001,Males,I42.6,Alcoholic cardiomyopathy,0,0,0,0,0,0,1,3,3,16,14,19,20,9,14,3,5,2,0,1,110
2001,Males,K29.2,Alcoholic gastritis,0,0,0,0,0,0,0,0,0,0,1,0,0,1,1,0,0,0,1,0,4
2001,Males,K70,Alcoholic liver disease,0,0,0,0,0,4,21,84,174,321,421,536,454,361,266,166,103,36,10,2,2959
2001,Males,K85.2,Alcohol-induced acute pancreatitis,0,0,0,0,0,0,0,0,0,0,0,0,0,0,0,0,0,0,0,0,0
2001,Males,K86.0,Alcohol-induced chronic pancreatitis,0,0,0,0,0,0,1,4,1,2,4,6,2,2,1,0,0,1,0,0,24
2001,Males,Q86.0,Fetal alcohol syndrome (dysmorphic),0,0,0,0,0,0,0,0,0,0,0,0,0,0,0,0,0,0,0,0,0
2001,Males,R78.0,Excess alcohol blood levels,0,0,0,0,0,0,0,0,0,0,0,0,0,0,0,0,0,0,0,0,0
2001,Males,X45,Accidental poisoning by and exposure to alcohol,0,0,0,0,4,4,2,15,20,20,18,10,10,5,3,0,0,0,0,0,111
2001,Males,X65,Intentional self-poisoning by and exposure to alcohol,0,0,0,0,0,0,0,0,0,0,0,0,0,0,0,0,0,0,0,0,0
2001,Males,Y15,"Poisoning by and exposure to alcohol, undetermined intent",0,0,0,0,0,0,0,0,0,0,0,0,0,0,0,0,0,0,1,0,1
2001,Females,E24.4,Alcohol-induced pseudo-Cushing's syndrome,0,0,0,0,0,0,0,0,0,0,0,0,0,0,0,0,0,0,0,0,0
2001,Females,F10,Mental and behavioural disorders due to the use of alcohol,0,0,0,1,1,0,3,7,22,36,40,51,39,24,22,13,5,3,3,2,272
2001,Females,G31.2,Degeneration of nervous system due to alcohol,0,0,0,0,0,0,0,0,0,0,1,0,0,0,0,1,0,0,0,0,2
2001,Females,G62.1,Alcoholic polyneuropathy,0,0,0,0,0,0,0,0,0,0,0,0,0,0,0,0,0,0,0,0,0
2001,Females,G72.1,Alcoholic myopathy,0,0,0,0,0,0,0,0,0,0,0,0,0,0,0,0,0,0,0,0,0
2001,Females,I42.6,Alcoholic cardiomyopathy,0,0,0,0,0,0,0,0,3,3,1,3,1,1,2,0,1,0,0,0,15
2001,Females,K29.2,Alcoholic gastritis,0,0,0,0,0,0,0,0,0,0,1,1,0,0,0,0,0,0,0,0,2
2001,Females,K70,Alcoholic liver disease,0,0,0,0,0,0,12,43,85,151,245,270,204,175,127,75,57,20,11,0,1475
2001,Females,K85.2,Alcohol-induced acute pancreatitis,0,0,0,0,0,0,0,0,0,0,0,0,0,0,0,0,0,0,0,0,0
2001,Females,K86.0,Alcohol-induced chronic pancreatitis,0,0,0,0,0,0,0,0,3,2,0,3,2,2,0,0,0,2,0,0,14
2001,Females,Q86.0,Fetal alcohol syndrome (dysmorphic),0,0,0,0,0,0,0,0,0,0,0,0,0,0,0,0,0,0,0,0,0
2001,Females,R78.0,Excess alcohol blood levels,0,0,0,0,0,0,0,0,0,0,0,0,0,0,0,0,0,0,0,0,0
2001,Females,X45,Accidental poisoning by and exposure to alcohol,0,0,0,0,0,1,1,4,7,4,6,2,5,4,4,1,2,0,0,0,41
2001,Females,X65,Intentional self-poisoning by and exposure to alcohol,0,0,0,0,0,0,0,0,1,0,0,0,0,0,0,0,0,0,0,0,1
2001,Females,Y15,"Poisoning by and exposure to alcohol, undetermined intent",0,0,0,0,0,0,0,0,0,0,0,1,0,0,0,0,0,0,0,0,1
,,,,,,,,,,,,,,,,,,,,,,,,
,,,,,,,,,,,,,,,,,,,,,,,,
,,,,,,,,,,,,,,,,,,,,,,,,
,,,,,,,,,,,,,,,,,,,,,,,,
,,,,,,,,,,,,,,,,,,,,,,,,
,,,,,,,,,,,,,,,,,,,,,,,,
,,,,,,,,,,,,,,,,,,,,,,,,
,,,,,,,,,,,,,,,,,,,,,,,,
,,,,,,,,,,,,,,,,,,,,,,,,
,,,,,,,,,,,,,,,,,,,,,,,,
,,,,,,,,,,,,,,,,,,,,,,,,
,,,,,,,,,,,,,,,,,,,,,,,,
,,,,,,,,,,,,,,,,,,,,,,,,
,,,,,,,,,,,,,,,,,,,,,,,,
,,,,,,,,,,,,,,,,,,,,,,,,
,,,,,,,,,,,,,,,,,,,,,,,,
,,,,,,,,,,,,,,,,,,,,,,,,
,,,,,,,,,,,,,,,,,,,,,,,,
,,,,,,,,,,,,,,,,,,,,,,,,
,,,,,,,,,,,,,,,,,,,,,,,,
,,,,,,,,,,,,,,,,,,,,,,,,
,,,,,,,,,,,,,,,,,,,,,,,,
,,,,,,,,,,,,,,,,,,,,,,,,
,,,,,,,,,,,,,,,,,,,,,,,,
,,,,,,,,,,,,,,,,,,,,,,,,
,,,,,,,,,,,,,,,,,,,,,,,,
,,,,,,,,,,,,,,,,,,,,,,,,
,,,,,,,,,,,,,,,,,,,,,,,,
,,,,,,,,,,,,,,,,,,,,,,,,
,,,,,,,,,,,,,,,,,,,,,,,,
,,,,,,,,,,,,,,,,,,,,,,,,
,,,,,,,,,,,,,,,,,,,,,,,,
,,,,,,,,,,,,,,,,,,,,,,,,
,,,,,,,,,,,,,,,,,,,,,,,,
,,,,,,,,,,,,,,,,,,,,,,,,
,,,,,,,,,,,,,,,,,,,,,,,,
,,,,,,,,,,,,,,,,,,,,,,,,
,,,,,,,,,,,,,,,,,,,,,,,,
,,,,,,,,,,,,,,,,,,,,,,,,
,,,,,,,,,,,,,,,,,,,,,,,,
,,,,,,,,,,,,,,,,,,,,,,,,
,,,,,,,,,,,,,,,,,,,,,,,,
,,,,,,,,,,,,,,,,,,,,,,,,
,,,,,,,,,,,,,,,,,,,,,,,,
,,,,,,,,,,,,,,,,,,,,,,,,
,,,,,,,,,,,,,,,,,,,,,,,,
,,,,,,,,,,,,,,,,,,,,,,,,
,,,,,,,,,,,,,,,,,,,,,,,,
,,,,,,,,,,,,,,,,,,,,,,,,
,,,,,,,,,,,,,,,,,,,,,,,,
,,,,,,,,,,,,,,,,,,,,,,,,
,,,,,,,,,,,,,,,,,,,,,,,,
,,,,,,,,,,,,,,,,,,,,,,,,
,,,,,,,,,,,,,,,,,,,,,,,,
,,,,,,,,,,,,,,,,,,,,,,,,
,,,,,,,,,,,,,,,,,,,,,,,,
,,,,,,,,,,,,,,,,,,,,,,,,
,,,,,,,,,,,,,,,,,,,,,,,,
,,,,,,,,,,,,,,,,,,,,,,,,
,,,,,,,,,,,,,,,,,,,,,,,,
,,,,,,,,,,,,,,,,,,,,,,,,
,,,,,,,,,,,,,,,,,,,,,,,,
,,,,,,,,,,,,,,,,,,,,,,,,
,,,,,,,,,,,,,,,,,,,,,,,,
,,,,,,,,,,,,,,,,,,,,,,,,
,,,,,,,,,,,,,,,,,,,,,,,,
,,,,,,,,,,,,,,,,,,,,,,,,
,,,,,,,,,,,,,,,,,,,,,,,,
,,,,,,,,,,,,,,,,,,,,,,,,
,,,,,,,,,,,,,,,,,,,,,,,,
,,,,,,,,,,,,,,,,,,,,,,,,
,,,,,,,,,,,,,,,,,,,,,,,,
,,,,,,,,,,,,,,,,,,,,,,,,
,,,,,,,,,,,,,,,,,,,,,,,,
,,,,,,,,,,,,,,,,,,,,,,,,
,,,,,,,,,,,,,,,,,,,,,,,,
,,,,,,,,,,,,,,,,,,,,,,,,
,,,,,,,,,,,,,,,,,,,,,,,,
,,,,,,,,,,,,,,,,,,,,,,,,
,,,,,,,,,,,,,,,,,,,,,,,,
,,,,,,,,,,,,,,,,,,,,,,,,
,,,,,,,,,,,,,,,,,,,,,,,,
,,,,,,,,,,,,,,,,,,,,,,,,
,,,,,,,,,,,,,,,,,,,,,,,,
,,,,,,,,,,,,,,,,,,,,,,,,
,,,,,,,,,,,,,,,,,,,,,,,,
,,,,,,,,,,,,,,,,,,,,,,,,
,,,,,,,,,,,,,,,,,,,,,,,,
,,,,,,,,,,,,,,,,,,,,,,,,
,,,,,,,,,,,,,,,,,,,,,,,,
,,,,,,,,,,,,,,,,,,,,,,,,
,,,,,,,,,,,,,,,,,,,,,,,,
,,,,,,,,,,,,,,,,,,,,,,,,
,,,,,,,,,,,,,,,,,,,,,,,,
,,,,,,,,,,,,,,,,,,,,,,,,
,,,,,,,,,,,,,,,,,,,,,,,,
,,,,,,,,,,,,,,,,,,,,,,,,
,,,,,,,,,,,,,,,,,,,,,,,,
,,,,,,,,,,,,,,,,,,,,,,,,
,,,,,,,,,,,,,,,,,,,,,,,,
,,,,,,,,,,,,,,,,,,,,,,,,
,,,,,,,,,,,,,,,,,,,,,,,,
,,,,,,,,,,,,,,,,,,,,,,,,
,,,,,,,,,,,,,,,,,,,,,,,,
,,,,,,,,,,,,,,,,,,,,,,,,
,,,,,,,,,,,,,,,,,,,,,,,,
,,,,,,,,,,,,,,,,,,,,,,,,
,,,,,,,,,,,,,,,,,,,,,,,,
,,,,,,,,,,,,,,,,,,,,,,,,
,,,,,,,,,,,,,,,,,,,,,,,,
,,,,,,,,,,,,,,,,,,,,,,,,
,,,,,,,,,,,,,,,,,,,,,,,,
,,,,,,,,,,,,,,,,,,,,,,,,
,,,,,,,,,,,,,,,,,,,,,,,,
,,,,,,,,,,,,,,,,,,,,,,,,
,,,,,,,,,,,,,,,,,,,,,,,,
,,,,,,,,,,,,,,,,,,,,,,,,
,,,,,,,,,,,,,,,,,,,,,,,,
,,,,,,,,,,,,,,,,,,,,,,,,
,,,,,,,,,,,,,,,,,,,,,,,,
,,,,,,,,,,,,,,,,,,,,,,,,
,,,,,,,,,,,,,,,,,,,,,,,,
,,,,,,,,,,,,,,,,,,,,,,,,
,,,,,,,,,,,,,,,,,,,,,,,,
,,,,,,,,,,,,,,,,,,,,,,,,
,,,,,,,,,,,,,,,,,,,,,,,,
,,,,,,,,,,,,,,,,,,,,,,,,
,,,,,,,,,,,,,,,,,,,,,,,,
,,,,,,,,,,,,,,,,,,,,,,,,
,,,,,,,,,,,,,,,,,,,,,,,,
,,,,,,,,,,,,,,,,,,,,,,,,
,,,,,,,,,,,,,,,,,,,,,,,,
,,,,,,,,,,,,,,,,,,,,,,,,
,,,,,,,,,,,,,,,,,,,,,,,,
,,,,,,,,,,,,,,,,,,,,,,,,
,,,,,,,,,,,,,,,,,,,,,,,,
,,,,,,,,,,,,,,,,,,,,,,,,
,,,,,,,,,,,,,,,,,,,,,,,,
,,,,,,,,,,,,,,,,,,,,,,,,
,,,,,,,,,,,,,,,,,,,,,,,,
,,,,,,,,,,,,,,,,,,,,,,,,
,,,,,,,,,,,,,,,,,,,,,,,,
,,,,,,,,,,,,,,,,,,,,,,,,
,,,,,,,,,,,,,,,,,,,,,,,,
,,,,,,,,,,,,,,,,,,,,,,,,
,,,,,,,,,,,,,,,,,,,,,,,,
,,,,,,,,,,,,,,,,,,,,,,,,
,,,,,,,,,,,,,,,,,,,,,,,,
,,,,,,,,,,,,,,,,,,,,,,,,
,,,,,,,,,,,,,,,,,,,,,,,,
,,,,,,,,,,,,,,,,,,,,,,,,
,,,,,,,,,,,,,,,,,,,,,,,,
,,,,,,,,,,,,,,,,,,,,,,,,
,,,,,,,,,,,,,,,,,,,,,,,,
,,,,,,,,,,,,,,,,,,,,,,,,
,,,,,,,,,,,,,,,,,,,,,,,,
,,,,,,,,,,,,,,,,,,,,,,,,
,,,,,,,,,,,,,,,,,,,,,,,,
,,,,,,,,,,,,,,,,,,,,,,,,
,,,,,,,,,,,,,,,,,,,,,,,,
,,,,,,,,,,,,,,,,,,,,,,,,
,,,,,,,,,,,,,,,,,,,,,,,,
,,,,,,,,,,,,,,,,,,,,,,,,
,,,,,,,,,,,,,,,,,,,,,,,,
,,,,,,,,,,,,,,,,,,,,,,,,
,,,,,,,,,,,,,,,,,,,,,,,,
,,,,,,,,,,,,,,,,,,,,,,,,
,,,,,,,,,,,,,,,,,,,,,,,,
,,,,,,,,,,,,,,,,,,,,,,,,
,,,,,,,,,,,,,,,,,,,,,,,,
,,,,,,,,,,,,,,,,,,,,,,,,
,,,,,,,,,,,,,,,,,,,,,,,,
,,,,,,,,,,,,,,,,,,,,,,,,
,,,,,,,,,,,,,,,,,,,,,,,,
,,,,,,,,,,,,,,,,,,,,,,,,
,,,,,,,,,,,,,,,,,,,,,,,,
,,,,,,,,,,,,,,,,,,,,,,,,
,,,,,,,,,,,,,,,,,,,,,,,,
,,,,,,,,,,,,,,,,,,,,,,,,
,,,,,,,,,,,,,,,,,,,,,,,,
